0;0;0;0;land;true;unknown;2
1;0;0;2;land;false;plains;1
2;0;0;3;land;false;plains;1
3;0;0;4;sea;false;ocean;0
4;0;0;5;land;true;plains;1
5;0;0;6;land;false;plains;1
6;0;0;7;land;false;plains;1
7;0;0;8;sea;false;ocean;0
8;0;0;9;land;false;plains;1
9;0;0;10;land;false;plains;1
10;0;0;11;land;true;plains;1
11;0;0;12;land;false;hills;1
12;0;0;13;land;false;desert;1
13;0;0;14;land;false;plains;1
14;0;0;15;land;false;plains;1
15;0;0;16;land;false;plains;1
16;0;0;17;land;true;plains;1
17;0;0;18;land;false;plains;1
18;0;0;19;land;true;plains;1
19;0;0;20;land;false;plains;1
20;0;0;21;land;false;plains;1
21;0;0;22;land;false;plains;1
22;0;0;23;land;false;plains;1
23;0;0;24;land;false;plains;1
24;0;0;25;land;false;plains;1
25;0;0;26;land;false;plains;1
26;0;0;27;sea;true;ocean;0
27;0;0;28;sea;true;ocean;0
28;0;0;29;sea;false;ocean;0
29;0;0;30;sea;true;ocean;0
30;0;0;31;land;false;plains;1
31;0;0;32;sea;false;ocean;0
32;0;0;33;land;false;plains;1
33;0;0;34;land;false;plains;1
34;0;0;35;land;false;plains;1
35;0;0;36;land;false;plains;1
36;0;0;37;land;false;plains;1
37;0;0;38;land;false;plains;1
38;0;0;39;sea;false;ocean;0
39;0;0;40;sea;false;ocean;0
40;0;0;41;sea;false;ocean;0
41;0;0;42;sea;false;ocean;0
42;0;0;43;sea;false;ocean;0
43;0;0;44;sea;false;ocean;0
44;0;0;45;sea;false;ocean;0
45;0;0;46;sea;false;ocean;0
46;0;0;47;land;true;plains;1
47;0;0;48;land;false;plains;1
48;0;0;49;sea;false;ocean;0
49;0;0;50;sea;false;ocean;0
50;0;0;51;sea;true;ocean;0
51;0;0;52;sea;false;ocean;0
52;0;0;53;sea;true;ocean;0
53;0;0;54;sea;false;ocean;0
54;0;0;55;sea;true;ocean;0
55;0;0;56;sea;false;ocean;0
56;0;0;57;sea;true;ocean;0
57;0;0;58;sea;false;ocean;0
58;0;0;59;sea;false;ocean;0
59;0;0;60;sea;true;ocean;0
60;0;0;61;land;false;desert;1
61;0;0;62;sea;false;ocean;0
62;0;0;63;sea;false;ocean;0
63;0;0;64;sea;true;ocean;0
64;0;0;65;sea;false;ocean;0
65;0;0;66;sea;false;ocean;0
66;0;0;67;sea;false;ocean;0
67;0;0;68;sea;false;ocean;0
68;0;0;69;sea;false;ocean;0
69;0;0;70;land;false;hills;1
70;0;0;71;sea;true;ocean;0
71;0;0;72;sea;false;ocean;0
72;0;0;73;sea;false;ocean;0
73;0;0;74;sea;true;ocean;0
74;0;0;75;sea;false;ocean;0
75;0;0;76;sea;true;ocean;0
76;0;0;77;sea;false;ocean;0
77;0;0;78;sea;false;ocean;0
78;0;0;79;sea;false;ocean;0
79;0;0;80;sea;true;ocean;0
80;0;0;81;sea;false;lakes;1
81;0;0;82;land;false;hills;1
82;0;0;83;land;false;hills;1
83;0;0;84;sea;true;ocean;0
84;0;0;85;sea;false;ocean;0
85;0;0;86;sea;true;ocean;0
86;0;0;87;sea;true;ocean;0
87;0;0;88;sea;false;ocean;0
88;0;0;89;sea;true;ocean;0
89;0;0;90;sea;false;ocean;0
90;0;0;91;sea;true;ocean;0
91;0;0;92;sea;false;ocean;0
92;0;0;93;sea;false;ocean;0
93;0;0;94;sea;false;ocean;0
94;0;0;95;sea;false;ocean;0
95;0;0;96;sea;false;ocean;0
96;0;0;97;sea;true;ocean;0
97;0;0;98;sea;true;ocean;0
98;0;0;99;sea;false;ocean;1
99;0;0;100;sea;false;ocean;0
100;0;0;101;sea;false;ocean;0
101;0;0;102;sea;false;ocean;0
102;0;0;103;sea;true;ocean;0
103;0;0;104;sea;true;ocean;1
104;0;0;105;sea;false;ocean;0
105;0;0;106;sea;false;ocean;0
106;0;0;107;sea;false;ocean;0
107;0;0;108;sea;false;ocean;1
108;0;0;109;sea;true;ocean;0
109;0;0;110;sea;false;ocean;0
110;0;0;111;sea;false;ocean;0
111;0;0;112;sea;false;ocean;0
112;0;0;113;sea;true;ocean;0
113;0;0;114;sea;true;ocean;0
114;0;0;115;sea;false;ocean;0
115;0;0;116;sea;false;ocean;0
116;0;0;117;sea;true;ocean;0
117;0;0;118;sea;false;ocean;0
118;0;0;119;sea;true;ocean;0
119;0;0;120;sea;true;ocean;0
120;0;0;121;sea;false;ocean;0
121;0;0;122;sea;false;ocean;0
122;0;0;123;sea;false;ocean;0
123;0;0;124;sea;false;ocean;0
124;0;0;125;sea;true;ocean;0
125;0;0;126;sea;true;ocean;0
126;0;0;127;sea;false;ocean;0
127;0;0;128;sea;false;ocean;0
128;0;0;129;sea;true;ocean;0
129;0;0;130;sea;false;ocean;0
130;0;0;131;sea;true;ocean;0
131;0;0;132;sea;false;ocean;0
132;0;0;133;sea;false;ocean;0
133;0;0;134;sea;false;ocean;0
134;0;0;135;sea;true;ocean;0
135;0;0;136;sea;true;ocean;0
136;0;0;137;sea;true;ocean;0
137;0;0;138;sea;true;ocean;0
138;0;0;139;sea;false;ocean;0
139;0;0;140;sea;false;ocean;0
140;0;0;141;sea;false;ocean;0
141;0;0;142;sea;false;ocean;0
142;0;0;143;sea;true;ocean;0
143;0;0;144;sea;false;ocean;0
144;0;0;145;sea;true;ocean;0
145;0;0;146;sea;false;ocean;0
146;0;0;147;sea;false;ocean;0
147;0;0;148;sea;true;ocean;0
148;0;0;149;sea;true;ocean;0
149;0;0;150;sea;false;ocean;0
150;0;0;151;sea;true;ocean;0
151;0;0;152;sea;false;ocean;0
152;0;0;153;sea;true;ocean;0
153;0;0;154;sea;true;ocean;0
154;0;0;155;sea;false;ocean;0
155;0;0;156;sea;false;ocean;0
156;0;0;157;sea;false;ocean;0
157;0;0;158;sea;false;ocean;0
158;0;0;159;sea;false;ocean;0
159;0;0;160;sea;false;ocean;0
160;0;0;161;sea;false;ocean;0
161;0;0;162;sea;true;ocean;0
162;0;0;163;sea;true;ocean;0
163;0;0;164;sea;false;ocean;0
164;0;0;165;sea;true;ocean;0
165;0;0;166;sea;false;ocean;0
166;0;0;167;sea;true;ocean;0
167;0;0;168;sea;false;ocean;0
168;0;0;169;sea;false;ocean;0
169;0;0;170;sea;false;ocean;0
170;0;0;171;sea;true;ocean;0
171;0;0;172;sea;true;ocean;0
172;0;0;173;sea;false;ocean;0
173;0;0;174;sea;false;ocean;0
174;0;0;175;sea;true;ocean;0
175;0;0;176;sea;false;ocean;0
176;0;0;177;sea;false;ocean;0
177;0;0;178;sea;true;ocean;0
178;0;0;179;sea;true;ocean;0
179;0;0;180;sea;true;ocean;0
180;0;0;181;sea;false;ocean;0
181;0;0;182;sea;true;ocean;0
182;0;0;183;sea;false;ocean;0
183;0;0;184;sea;false;ocean;0
184;0;0;185;sea;false;ocean;0
185;0;0;186;sea;true;ocean;0
186;0;0;187;sea;false;ocean;0
187;0;0;188;sea;false;ocean;0
188;0;0;189;sea;false;ocean;0
189;0;0;190;sea;true;ocean;0
190;0;0;191;sea;false;ocean;0
191;0;0;192;sea;false;ocean;0
192;0;0;193;sea;false;ocean;0
193;0;0;194;sea;false;ocean;0
194;0;0;195;sea;true;ocean;0
195;0;0;196;sea;true;ocean;0
196;0;0;197;sea;false;ocean;0
197;0;0;198;sea;false;ocean;0
198;0;0;199;sea;true;ocean;0
199;0;0;200;sea;true;ocean;1
200;0;0;201;sea;false;ocean;0
201;0;0;202;sea;false;ocean;0
202;0;0;203;sea;false;ocean;0
203;0;0;204;sea;false;ocean;0
204;0;0;205;sea;false;ocean;0
205;0;0;206;sea;false;ocean;0
206;0;0;207;sea;false;ocean;0
207;0;0;208;sea;false;ocean;0
208;0;0;209;sea;false;ocean;0
209;0;0;210;sea;false;ocean;0
210;0;0;211;sea;false;ocean;0
211;0;0;212;sea;false;ocean;0
212;0;0;213;sea;true;ocean;0
213;0;0;214;sea;false;ocean;0
214;0;0;215;sea;false;ocean;0
215;0;0;216;sea;true;ocean;1
216;0;0;217;sea;false;ocean;0
217;0;0;218;sea;false;ocean;0
218;0;0;219;sea;false;ocean;0
219;0;0;220;sea;false;ocean;0
220;0;0;221;sea;false;ocean;0
221;0;0;222;sea;false;ocean;0
222;0;0;223;sea;true;ocean;0
223;0;0;224;sea;true;ocean;0
224;0;0;225;sea;false;ocean;0
225;0;0;226;sea;false;ocean;0
226;0;0;227;sea;false;ocean;0
227;0;0;228;sea;false;ocean;0
228;0;0;229;sea;false;ocean;0
229;0;0;230;sea;false;ocean;1
230;0;0;231;sea;true;ocean;0
231;0;0;232;sea;true;ocean;0
232;0;0;233;sea;false;ocean;0
233;0;0;234;sea;false;lakes;1
234;0;0;235;sea;false;ocean;0
235;0;0;236;land;true;plains;1
236;0;0;237;sea;false;ocean;0
237;0;0;238;sea;false;ocean;0
238;0;0;239;land;false;plains;1
239;0;0;240;land;true;plains;1
240;0;0;241;land;true;plains;1
241;0;0;242;land;false;plains;1
242;0;0;243;land;false;plains;1
243;0;0;244;land;true;plains;1
244;0;0;245;land;false;plains;1
245;0;0;246;land;true;plains;1
246;0;0;247;land;false;plains;1
247;0;0;248;land;false;plains;1
248;0;0;249;land;true;plains;1
249;0;0;250;land;false;plains;1
250;0;0;251;land;true;plains;1
251;0;0;252;land;false;plains;1
252;0;0;253;land;false;plains;1
253;0;0;254;land;false;plains;1
254;0;0;255;land;false;plains;1
255;0;1;0;land;false;plains;1
256;0;1;1;land;false;plains;1
257;0;1;2;land;false;plains;1
258;0;1;3;sea;false;ocean;0
259;0;1;4;land;true;plains;1
260;0;1;5;sea;false;ocean;0
261;0;1;6;sea;false;ocean;0
262;0;1;7;land;true;plains;1
263;0;1;8;land;false;plains;1
264;0;1;9;sea;false;ocean;0
265;0;1;10;sea;false;ocean;0
266;0;1;11;land;false;desert;1
267;0;1;12;land;false;desert;1
268;0;1;13;land;false;plains;1
269;0;1;14;land;true;plains;1
270;0;1;15;land;false;plains;1
271;0;1;16;land;false;desert;1
272;0;1;17;sea;false;ocean;0
273;0;1;18;sea;false;ocean;0
274;0;1;19;sea;true;ocean;0
275;0;1;20;sea;false;ocean;0
276;0;1;21;sea;false;ocean;0
277;0;1;22;land;false;desert;1
278;0;1;23;sea;false;ocean;0
279;0;1;24;sea;false;ocean;0
280;0;1;25;sea;false;ocean;0
281;0;1;26;sea;true;ocean;0
282;0;1;27;sea;false;ocean;0
283;0;1;28;sea;false;ocean;0
284;0;1;29;land;false;plains;1
285;0;1;30;sea;false;ocean;0
286;0;1;31;land;false;hills;1
287;0;1;32;sea;true;ocean;0
288;0;1;33;sea;false;ocean;0
289;0;1;34;sea;false;ocean;0
290;0;1;35;sea;false;ocean;0
291;0;1;36;sea;false;ocean;0
292;0;1;37;sea;false;ocean;0
293;0;1;38;sea;false;ocean;0
294;0;1;39;sea;false;ocean;0
295;0;1;40;sea;false;ocean;0
296;0;1;41;sea;true;ocean;0
297;0;1;42;land;false;hills;1
298;0;1;43;land;false;hills;1
299;0;1;44;land;false;plains;1
300;0;1;45;sea;true;ocean;0
301;0;1;46;sea;false;ocean;0
302;0;1;47;sea;false;ocean;0
303;0;1;48;sea;true;ocean;0
304;0;1;49;sea;true;ocean;0
305;0;1;50;sea;true;ocean;0
306;0;1;51;sea;false;ocean;0
307;0;1;52;sea;false;ocean;0
308;0;1;53;sea;false;ocean;0
309;0;1;54;land;false;plains;1
310;0;1;55;sea;true;ocean;0
311;0;1;56;sea;false;ocean;0
312;0;1;57;sea;false;ocean;0
313;0;1;58;land;false;hills;1
314;0;1;59;land;false;plains;1
315;0;1;60;land;false;hills;1
316;0;1;61;land;false;hills;1
317;0;1;62;land;false;hills;1
318;0;1;63;land;false;hills;1
319;0;1;64;land;false;hills;1
320;0;1;65;sea;true;ocean;0
321;0;1;66;sea;true;ocean;1
322;0;1;67;sea;false;ocean;0
323;0;1;68;sea;true;ocean;0
324;0;1;69;sea;false;ocean;0
325;0;1;70;land;false;desert;1
326;0;1;71;sea;false;ocean;1
327;0;1;72;sea;false;ocean;0
328;0;1;73;sea;false;ocean;0
329;0;1;74;sea;false;ocean;0
330;0;1;75;sea;false;ocean;0
331;0;1;76;sea;false;ocean;0
332;0;1;77;sea;false;ocean;0
333;0;1;78;sea;true;ocean;0
334;0;1;79;sea;true;ocean;0
335;0;1;80;sea;false;ocean;0
336;0;1;81;sea;false;ocean;0
337;0;1;82;sea;false;ocean;0
338;0;1;83;sea;true;ocean;0
339;0;1;84;sea;true;ocean;0
340;0;1;85;sea;false;ocean;0
341;0;1;86;sea;false;ocean;0
342;0;1;87;sea;false;ocean;0
343;0;1;88;sea;false;ocean;0
344;0;1;89;sea;false;ocean;0
345;0;1;90;sea;false;ocean;0
346;0;1;91;sea;false;ocean;0
347;0;1;92;sea;false;ocean;0
348;0;1;93;sea;false;ocean;0
349;0;1;94;sea;true;ocean;0
350;0;1;95;sea;false;ocean;0
351;0;1;96;sea;true;ocean;0
352;0;1;97;sea;true;ocean;0
353;0;1;98;sea;true;ocean;0
354;0;1;99;sea;true;ocean;0
355;0;1;100;sea;true;ocean;0
356;0;1;101;sea;true;ocean;0
357;0;1;102;sea;true;ocean;0
358;0;1;103;sea;true;ocean;0
359;0;1;104;sea;false;ocean;0
360;0;1;105;sea;true;ocean;0
361;0;1;106;sea;false;ocean;0
362;0;1;107;sea;false;ocean;0
363;0;1;108;sea;false;ocean;0
364;0;1;109;sea;false;ocean;0
365;0;1;110;sea;true;ocean;0
366;0;1;111;sea;false;ocean;0
367;0;1;112;sea;false;ocean;0
368;0;1;113;sea;true;ocean;0
369;0;1;114;sea;false;ocean;0
370;0;1;115;sea;true;ocean;0
371;0;1;116;sea;true;ocean;0
372;0;1;117;sea;false;ocean;0
373;0;1;118;sea;false;ocean;0
374;0;1;119;sea;false;ocean;0
375;0;1;120;sea;false;ocean;0
376;0;1;121;sea;false;ocean;0
377;0;1;122;sea;true;ocean;0
378;0;1;123;sea;false;ocean;0
379;0;1;124;sea;false;ocean;0
380;0;1;125;sea;false;ocean;0
381;0;1;126;sea;false;ocean;0
382;0;1;127;sea;false;ocean;0
383;0;1;128;sea;true;ocean;0
384;0;1;129;sea;false;ocean;0
385;0;1;130;sea;false;ocean;0
386;0;1;131;sea;true;ocean;0
387;0;1;132;sea;false;ocean;0
388;0;1;133;sea;true;ocean;0
389;0;1;134;sea;false;ocean;0
390;0;1;135;sea;false;ocean;0
391;0;1;136;sea;false;ocean;0
392;0;1;137;sea;false;ocean;0
393;0;1;138;sea;true;ocean;0
394;0;1;139;sea;false;ocean;0
395;0;1;140;sea;false;ocean;0
396;0;1;141;sea;true;ocean;0
397;0;1;142;sea;false;ocean;0
398;0;1;143;sea;false;ocean;0
399;0;1;144;sea;false;ocean;0
400;0;1;145;sea;false;ocean;0
401;0;1;146;sea;false;ocean;0
402;0;1;147;sea;false;ocean;0
403;0;1;148;sea;false;ocean;0
404;0;1;149;sea;false;ocean;0
405;0;1;150;sea;false;ocean;0
406;0;1;151;sea;true;ocean;0
407;0;1;152;sea;true;ocean;0
408;0;1;153;sea;true;ocean;0
409;0;1;154;sea;false;ocean;0
410;0;1;155;sea;false;ocean;0
411;0;1;156;sea;false;ocean;0
412;0;1;157;sea;false;ocean;0
413;0;1;158;sea;false;ocean;0
414;0;1;159;sea;false;ocean;0
415;0;1;160;sea;true;ocean;0
416;0;1;161;sea;false;ocean;0
417;0;1;162;sea;false;ocean;0
418;0;1;163;sea;false;ocean;0
419;0;1;164;sea;true;ocean;0
420;0;1;165;sea;false;ocean;0
421;0;1;166;sea;true;ocean;0
422;0;1;167;sea;true;ocean;0
423;0;1;168;sea;false;ocean;0
424;0;1;169;sea;false;ocean;0
425;0;1;170;sea;true;ocean;0
426;0;1;171;sea;false;ocean;0
427;0;1;172;sea;false;ocean;0
428;0;1;173;sea;false;ocean;0
429;0;1;174;sea;false;ocean;0
430;0;1;175;sea;false;ocean;0
431;0;1;176;sea;false;ocean;0
432;0;1;177;sea;false;ocean;0
433;0;1;178;sea;false;ocean;0
434;0;1;179;land;true;plains;1
435;0;1;180;land;false;plains;1
436;0;1;181;land;false;desert;1
437;0;1;182;sea;false;ocean;0
438;0;1;183;land;true;plains;1
439;0;1;184;land;true;plains;1
440;0;1;185;land;false;plains;1
441;0;1;186;land;false;plains;1
442;0;1;187;land;false;plains;1
443;0;1;188;land;true;plains;1
444;0;1;189;land;true;plains;1
445;0;1;190;land;true;plains;1
446;0;1;191;land;false;plains;1
447;0;1;192;land;false;plains;1
448;0;1;193;land;false;plains;1
449;0;1;194;land;false;plains;1
450;0;1;195;land;false;plains;1
451;0;1;196;land;false;plains;1
452;0;1;197;land;false;plains;1
453;0;1;198;sea;true;ocean;0
454;0;1;199;land;false;plains;1
455;0;1;200;sea;true;ocean;0
456;0;1;201;land;false;plains;1
457;0;1;202;land;false;plains;1
458;0;1;203;sea;false;ocean;0
459;0;1;204;sea;false;ocean;0
460;0;1;205;land;false;plains;1
461;0;1;206;land;false;plains;1
462;0;1;207;land;false;plains;1
463;0;1;208;land;true;plains;1
464;0;1;209;land;true;plains;1
465;0;1;210;land;false;plains;1
466;0;1;211;land;false;plains;1
467;0;1;212;sea;false;ocean;0
468;0;1;213;sea;false;ocean;0
469;0;1;214;sea;false;ocean;0
470;0;1;215;land;true;plains;1
471;0;1;216;sea;false;ocean;0
472;0;1;217;sea;false;ocean;0
473;0;1;218;sea;true;ocean;0
474;0;1;219;land;false;plains;1
475;0;1;220;sea;true;ocean;0
476;0;1;221;sea;false;ocean;0
477;0;1;222;sea;true;ocean;0
478;0;1;223;sea;false;ocean;0
479;0;1;224;sea;true;ocean;0
480;0;1;225;sea;false;ocean;0
481;0;1;226;sea;false;ocean;0
482;0;1;227;sea;false;ocean;0
483;0;1;228;land;false;hills;1
484;0;1;229;sea;true;ocean;0
485;0;1;230;sea;false;ocean;0
486;0;1;231;sea;false;ocean;0
487;0;1;232;sea;false;ocean;0
488;0;1;233;sea;false;ocean;0
489;0;1;234;sea;false;ocean;0
490;0;1;235;sea;false;ocean;0
491;0;1;236;sea;false;ocean;0
492;0;1;237;sea;true;ocean;0
493;0;1;238;sea;true;ocean;0
494;0;1;239;land;false;hills;1
495;0;1;240;sea;false;ocean;0
496;0;1;241;sea;false;ocean;0
497;0;1;242;sea;true;ocean;0
498;0;1;243;sea;false;ocean;0
499;0;1;244;sea;false;ocean;0
500;0;1;245;sea;false;ocean;0
501;0;1;246;land;false;hills;1
502;0;1;247;land;false;hills;1
503;0;1;248;land;false;desert;1
504;0;1;249;land;false;hills;1
505;0;1;250;land;false;hills;1
506;0;1;251;sea;true;ocean;0
507;0;1;252;sea;false;ocean;0
508;0;1;253;sea;false;ocean;0
509;0;1;254;sea;false;ocean;0
510;0;1;255;sea;false;ocean;0
511;0;2;0;sea;true;ocean;0
512;0;2;1;sea;false;ocean;0
513;0;2;2;sea;true;ocean;0
514;0;2;3;sea;true;ocean;0
515;0;2;4;sea;false;ocean;0
516;0;2;5;sea;true;ocean;0
517;0;2;6;sea;false;ocean;0
518;0;2;7;sea;true;ocean;0
519;0;2;8;sea;false;ocean;0
520;0;2;9;sea;false;ocean;0
521;0;2;10;sea;false;ocean;0
522;0;2;11;sea;false;ocean;0
523;0;2;12;sea;true;ocean;0
524;0;2;13;sea;false;ocean;0
525;0;2;14;sea;false;ocean;0
526;0;2;15;sea;true;ocean;0
527;0;2;16;sea;false;ocean;0
528;0;2;17;sea;true;ocean;0
529;0;2;18;sea;false;ocean;0
530;0;2;19;sea;true;ocean;0
531;0;2;20;sea;false;ocean;0
532;0;2;21;sea;false;ocean;0
533;0;2;22;sea;false;ocean;0
534;0;2;23;sea;true;ocean;0
535;0;2;24;sea;true;ocean;0
536;0;2;25;sea;false;ocean;0
537;0;2;26;sea;false;ocean;0
538;0;2;27;sea;true;ocean;0
539;0;2;28;sea;false;ocean;0
540;0;2;29;sea;true;ocean;0
541;0;2;30;sea;false;ocean;0
542;0;2;31;sea;false;ocean;0
543;0;2;32;sea;false;ocean;0
544;0;2;33;sea;false;ocean;0
545;0;2;34;sea;false;ocean;0
546;0;2;35;sea;true;ocean;0
547;0;2;36;sea;false;ocean;0
548;0;2;37;sea;true;ocean;0
549;0;2;38;sea;false;ocean;0
550;0;2;39;sea;false;ocean;0
551;0;2;40;sea;false;ocean;0
552;0;2;41;sea;true;ocean;0
553;0;2;42;sea;false;ocean;0
554;0;2;43;sea;true;ocean;0
555;0;2;44;sea;false;ocean;0
556;0;2;45;sea;true;ocean;0
557;0;2;46;sea;false;ocean;0
558;0;2;47;sea;false;ocean;0
559;0;2;48;sea;false;ocean;0
560;0;2;49;sea;false;lakes;1
561;0;2;50;sea;true;ocean;0
562;0;2;51;sea;false;ocean;0
563;0;2;52;sea;false;ocean;0
564;0;2;53;sea;true;ocean;0
565;0;2;54;sea;true;ocean;0
566;0;2;55;sea;false;ocean;0
567;0;2;56;sea;false;ocean;0
568;0;2;57;sea;false;ocean;0
569;0;2;58;sea;true;ocean;0
570;0;2;59;sea;false;ocean;0
571;0;2;60;sea;false;ocean;0
572;0;2;61;sea;false;ocean;0
573;0;2;62;sea;true;ocean;0
574;0;2;63;sea;false;ocean;0
575;0;2;64;sea;false;ocean;0
576;0;2;65;sea;false;ocean;0
577;0;2;66;sea;false;ocean;0
578;0;2;67;sea;false;ocean;0
579;0;2;68;sea;false;ocean;0
580;0;2;69;sea;false;ocean;0
581;0;2;70;sea;true;ocean;0
582;0;2;71;sea;false;ocean;0
583;0;2;72;sea;false;ocean;0
584;0;2;73;sea;true;ocean;0
585;0;2;74;sea;false;ocean;0
586;0;2;75;sea;false;ocean;0
587;0;2;76;sea;false;ocean;0
588;0;2;77;sea;false;ocean;0
589;0;2;78;sea;false;ocean;0
590;0;2;79;sea;false;ocean;0
591;0;2;80;sea;false;ocean;0
592;0;2;81;sea;false;ocean;0
593;0;2;82;sea;false;ocean;0
594;0;2;83;sea;true;ocean;0
595;0;2;84;sea;true;ocean;0
596;0;2;85;sea;false;ocean;0
597;0;2;86;sea;false;ocean;0
598;0;2;87;sea;false;ocean;0
599;0;2;88;sea;false;ocean;0
600;0;2;89;sea;true;ocean;0
601;0;2;90;sea;false;ocean;0
602;0;2;91;sea;false;ocean;0
603;0;2;92;sea;true;ocean;0
604;0;2;93;sea;false;ocean;0
605;0;2;94;sea;false;ocean;0
606;0;2;95;sea;false;ocean;0
607;0;2;96;sea;false;ocean;0
608;0;2;97;sea;false;ocean;0
609;0;2;98;sea;false;ocean;0
610;0;2;99;sea;false;ocean;0
611;0;2;100;sea;false;ocean;0
612;0;2;101;sea;false;ocean;0
613;0;2;102;sea;false;ocean;0
614;0;2;103;sea;true;ocean;0
615;0;2;104;sea;false;ocean;0
616;0;2;105;sea;false;ocean;0
617;0;2;106;sea;true;ocean;0
618;0;2;107;sea;true;ocean;0
619;0;2;108;sea;false;ocean;0
620;0;2;109;sea;false;ocean;0
621;0;2;110;sea;false;ocean;0
622;0;2;111;land;false;plains;1
623;0;2;112;land;false;plains;1
624;0;2;113;sea;false;ocean;0
625;0;2;114;land;false;plains;1
626;0;2;115;land;false;plains;1
627;0;2;116;land;true;plains;1
628;0;2;117;sea;false;ocean;0
629;0;2;118;land;false;plains;1
630;0;2;119;land;false;plains;1
631;0;2;120;land;false;plains;1
632;0;2;121;land;true;plains;1
633;0;2;122;land;false;plains;1
634;0;2;123;land;true;plains;1
635;0;2;124;land;false;plains;1
636;0;2;125;land;true;plains;1
637;0;2;126;land;true;plains;1
638;0;2;127;land;true;plains;1
639;0;2;128;land;false;plains;1
640;0;2;129;land;true;plains;1
641;0;2;130;land;false;plains;1
642;0;2;131;land;false;plains;1
643;0;2;132;land;false;plains;1
644;0;2;133;land;false;plains;1
645;0;2;134;land;false;plains;1
646;0;2;135;land;true;plains;1
647;0;2;136;land;false;desert;1
648;0;2;137;land;false;plains;1
649;0;2;138;land;true;plains;1
650;0;2;139;land;true;plains;1
651;0;2;140;land;true;plains;1
652;0;2;141;land;false;hills;1
653;0;2;142;land;false;hills;1
654;0;2;143;land;false;hills;1
655;0;2;144;land;false;hills;1
656;0;2;145;land;false;hills;1
657;0;2;146;land;false;hills;1
658;0;2;147;land;false;hills;1
659;0;2;148;land;false;hills;1
660;0;2;149;land;false;hills;1
661;0;2;150;land;false;hills;1
662;0;2;151;land;false;hills;1
663;0;2;152;land;false;hills;1
664;0;2;153;land;false;hills;1
665;0;2;154;land;true;plains;1
666;0;2;155;land;false;plains;1
667;0;2;156;land;false;plains;1
668;0;2;157;land;false;plains;1
669;0;2;158;land;false;plains;1
670;0;2;159;land;false;plains;1
671;0;2;160;land;false;plains;1
672;0;2;161;land;true;plains;1
673;0;2;162;land;false;plains;1
674;0;2;163;land;false;plains;1
675;0;2;164;land;true;plains;1
676;0;2;165;land;true;plains;1
677;0;2;166;land;true;plains;1
678;0;2;167;land;true;plains;1
679;0;2;168;land;false;plains;1
680;0;2;169;land;false;plains;1
681;0;2;170;land;true;plains;1
682;0;2;171;land;true;plains;1
683;0;2;172;land;false;plains;1
684;0;2;173;land;false;plains;1
685;0;2;174;land;false;plains;1
686;0;2;175;land;false;plains;1
687;0;2;176;land;true;plains;1
688;0;2;177;land;false;plains;1
689;0;2;178;land;false;plains;1
690;0;2;179;land;true;plains;1
691;0;2;180;land;true;plains;1
692;0;2;181;land;true;plains;1
693;0;2;182;land;false;plains;1
694;0;2;183;land;false;desert;1
695;0;2;184;land;false;plains;1
696;0;2;185;land;false;plains;1
697;0;2;186;land;false;plains;1
698;0;2;187;land;true;plains;1
699;0;2;188;land;false;desert;1
700;0;2;189;land;false;desert;1
701;0;2;190;land;true;plains;1
702;0;2;191;land;false;plains;1
703;0;2;192;land;false;plains;1
704;0;2;193;land;false;plains;1
705;0;2;194;land;true;plains;1
706;0;2;195;land;true;plains;1
707;0;2;196;land;false;plains;1
708;0;2;197;land;false;plains;1
709;0;2;198;land;false;hills;1
710;0;2;199;land;false;hills;1
711;0;2;200;land;false;plains;1
712;0;2;201;land;false;plains;1
713;0;2;202;land;false;hills;1
714;0;2;203;land;false;hills;1
715;0;2;204;land;false;hills;1
716;0;2;205;land;false;hills;1
717;0;2;206;land;false;desert;1
718;0;2;207;land;false;plains;1
719;0;2;208;sea;false;plains;1
720;0;2;209;sea;false;plains;1
721;0;2;210;sea;false;plains;1
722;0;2;211;sea;false;plains;1
723;0;2;212;sea;false;lakes;1
724;0;2;213;sea;false;plains;1
725;0;2;214;land;true;plains;1
726;0;2;215;land;false;desert;1
727;0;2;216;land;false;desert;1
728;0;2;217;land;false;desert;1
729;0;2;218;land;true;plains;1
730;0;2;219;land;true;plains;1
731;0;2;220;land;true;plains;1
732;0;2;221;land;true;plains;1
733;0;2;222;land;true;plains;1
734;0;2;223;land;true;plains;1
735;0;2;224;land;false;desert;1
736;0;2;225;land;false;plains;1
737;0;2;226;land;true;plains;1
738;0;2;227;land;false;plains;1
739;0;2;228;land;true;plains;1
740;0;2;229;land;true;plains;1
741;0;2;230;land;false;desert;1
742;0;2;231;land;true;plains;1
743;0;2;232;land;true;plains;1
744;0;2;233;land;false;plains;1
745;0;2;234;land;true;plains;1
746;0;2;235;land;false;plains;1
747;0;2;236;land;false;plains;1
748;0;2;237;land;true;plains;1
749;0;2;238;land;true;plains;1
750;0;2;239;land;true;plains;1
751;0;2;240;land;true;plains;1
752;0;2;241;land;true;plains;1
753;0;2;242;land;true;desert;1
754;0;2;243;land;false;desert;1
755;0;2;244;land;true;plains;1
756;0;2;245;land;false;hills;1
757;0;2;246;land;true;plains;1
758;0;2;247;land;false;desert;1
759;0;2;248;land;false;hills;1
760;0;2;249;land;false;hills;1
761;0;2;250;land;true;plains;1
762;0;2;251;land;true;desert;1
763;0;2;252;land;true;plains;1
764;0;2;253;land;true;desert;1
765;0;2;254;land;false;plains;1
766;0;2;255;land;true;plains;1
767;0;3;0;land;false;desert;1
768;0;3;1;land;false;plains;1
769;0;3;2;land;true;plains;1
770;0;3;3;land;true;plains;1
771;0;3;4;land;false;plains;1
772;0;3;5;land;true;plains;1
773;0;3;6;land;true;desert;1
774;0;3;7;land;false;desert;1
775;0;3;8;land;false;plains;1
776;0;3;9;land;false;desert;1
777;0;3;10;land;true;plains;1
778;0;3;11;land;true;plains;1
779;0;3;12;land;true;desert;1
780;0;3;13;land;true;plains;1
781;0;3;14;land;false;desert;1
782;0;3;15;land;false;desert;1
783;0;3;16;land;false;plains;1
784;0;3;17;land;true;desert;1
785;0;3;18;land;false;hills;1
786;0;3;19;land;false;plains;1
787;0;3;20;land;false;desert;1
788;0;3;21;land;true;plains;1
789;0;3;22;land;true;desert;1
790;0;3;23;land;false;desert;1
791;0;3;24;land;true;desert;1
792;0;3;25;land;false;desert;1
793;0;3;26;land;false;desert;1
794;0;3;27;land;false;desert;1
795;0;3;28;land;false;desert;1
796;0;3;29;land;true;plains;1
797;0;3;30;land;true;desert;1
798;0;3;31;land;false;desert;1
799;0;3;32;land;false;desert;1
800;0;3;33;land;false;desert;1
801;0;3;34;land;false;desert;1
802;0;3;35;land;true;desert;1
803;0;3;36;land;false;plains;1
804;0;3;37;land;true;plains;1
805;0;3;38;land;false;desert;1
806;0;3;39;land;true;desert;1
807;0;3;40;land;false;plains;1
808;0;3;41;land;true;plains;1
809;0;3;42;land;true;plains;1
810;0;3;43;land;false;desert;1
811;0;3;44;land;true;plains;1
812;0;3;45;land;false;desert;1
813;0;3;46;land;true;desert;1
814;0;3;47;land;false;desert;1
815;0;3;48;land;false;desert;1
816;0;3;49;land;false;desert;1
817;0;3;50;land;true;plains;1
818;0;3;51;land;false;desert;1
819;0;3;52;land;true;desert;1
820;0;3;53;land;false;desert;1
821;0;3;54;land;false;desert;1
822;0;3;55;land;true;plains;1
823;0;3;56;land;true;plains;1
824;0;3;57;land;false;hills;1
825;0;3;58;land;false;plains;1
826;0;3;59;land;true;desert;1
827;0;3;60;land;true;plains;1
828;0;3;61;land;true;desert;1
829;0;3;62;land;false;hills;1
830;0;3;63;land;true;plains;1
831;0;3;64;land;false;desert;1
832;0;3;65;land;false;plains;1
833;0;3;66;land;true;plains;1
834;0;3;67;land;true;plains;1
835;0;3;68;land;true;plains;1
836;0;3;69;land;false;desert;1
837;0;3;70;land;false;plains;1
838;0;3;71;land;false;desert;1
839;0;3;72;land;false;plains;1
840;0;3;73;land;false;desert;1
841;0;3;74;land;true;desert;1
842;0;3;75;land;false;desert;1
843;0;3;76;land;false;desert;1
844;0;3;77;land;true;desert;1
845;0;3;78;land;false;plains;1
846;0;3;79;land;false;hills;1
847;0;3;80;land;false;desert;1
848;0;3;81;land;false;desert;1
849;0;3;82;land;false;desert;1
850;0;3;83;land;false;desert;1
851;0;3;84;land;true;desert;1
852;0;3;85;land;false;plains;1
853;0;3;86;land;false;plains;1
854;0;3;87;land;false;plains;1
855;0;3;88;land;false;plains;1
856;0;3;89;land;false;desert;1
857;0;3;90;land;false;plains;1
858;0;3;91;land;false;desert;1
859;0;3;92;land;false;desert;1
860;0;3;93;land;true;desert;1
861;0;3;94;land;false;plains;1
862;0;3;95;land;false;desert;1
863;0;3;96;land;false;plains;1
864;0;3;97;land;false;desert;1
865;0;3;98;land;false;plains;1
866;0;3;99;land;true;desert;1
867;0;3;100;land;true;plains;1
868;0;3;101;land;false;desert;1
869;0;3;102;land;false;desert;1
870;0;3;103;land;false;plains;1
871;0;3;104;land;false;desert;1
872;0;3;105;land;false;plains;1
873;0;3;106;land;false;plains;1
874;0;3;107;land;false;desert;1
875;0;3;108;land;true;plains;1
876;0;3;109;land;false;desert;1
877;0;3;110;land;false;desert;1
878;0;3;111;land;false;desert;1
879;0;3;112;land;false;desert;1
880;0;3;113;land;false;plains;1
881;0;3;114;land;false;desert;1
882;0;3;115;land;false;plains;1
883;0;3;116;land;false;desert;1
884;0;3;117;land;true;plains;1
885;0;3;118;land;false;desert;1
886;0;3;119;land;false;hills;1
887;0;3;120;land;false;desert;1
888;0;3;121;land;false;desert;1
889;0;3;122;land;false;desert;1
890;0;3;123;land;false;plains;1
891;0;3;124;land;false;plains;1
892;0;3;125;land;false;desert;1
893;0;3;126;land;false;desert;1
894;0;3;127;land;false;plains;1
895;0;3;128;land;true;plains;1
896;0;3;129;land;false;plains;1
897;0;3;130;land;false;desert;1
898;0;3;131;land;false;hills;1
899;0;3;132;land;true;desert;1
900;0;3;133;land;false;plains;1
901;0;3;134;land;false;desert;1
902;0;3;135;land;false;desert;1
903;0;3;136;land;false;desert;1
904;0;3;137;land;false;desert;1
905;0;3;138;land;false;hills;1
906;0;3;139;land;false;desert;1
907;0;3;140;land;false;desert;1
908;0;3;141;land;false;desert;1
909;0;3;142;land;false;desert;1
910;0;3;143;land;true;plains;1
911;0;3;144;land;false;desert;1
912;0;3;145;land;false;plains;1
913;0;3;146;land;true;desert;1
914;0;3;147;land;false;desert;1
915;0;3;148;land;true;plains;1
916;0;3;149;land;false;plains;1
917;0;3;150;land;false;plains;1
918;0;3;151;land;false;desert;1
919;0;3;152;land;false;desert;1
920;0;3;153;land;false;desert;1
921;0;3;154;land;true;plains;1
922;0;3;155;land;false;plains;1
923;0;3;156;land;true;plains;1
924;0;3;157;land;false;desert;1
925;0;3;158;land;false;desert;1
926;0;3;159;land;false;hills;1
927;0;3;160;land;true;desert;1
928;0;3;161;land;false;desert;1
929;0;3;162;land;false;desert;1
930;0;3;163;land;false;desert;1
931;0;3;164;land;false;desert;1
932;0;3;165;land;false;plains;1
933;0;3;166;land;false;desert;1
934;0;3;167;land;false;plains;1
935;0;3;168;land;false;desert;1
936;0;3;169;land;false;plains;1
937;0;3;170;land;true;plains;1
938;0;3;171;land;false;desert;1
939;0;3;172;land;false;desert;1
940;0;3;173;land;false;desert;1
941;0;3;174;land;false;desert;1
942;0;3;175;land;false;plains;1
943;0;3;176;land;false;desert;1
944;0;3;177;land;false;plains;1
945;0;3;178;land;false;desert;1
946;0;3;179;land;false;desert;1
947;0;3;180;land;false;hills;1
948;0;3;181;land;true;plains;1
949;0;3;182;land;false;desert;1
950;0;3;183;land;false;desert;1
951;0;3;184;land;false;plains;1
952;0;3;185;land;false;desert;1
953;0;3;186;land;false;desert;1
954;0;3;187;land;false;desert;1
955;0;3;188;land;false;desert;1
956;0;3;189;land;false;desert;1
957;0;3;190;land;false;plains;1
958;0;3;191;land;false;desert;1
959;0;3;192;land;false;desert;1
960;0;3;193;land;false;desert;1
961;0;3;194;land;false;desert;1
962;0;3;195;land;false;desert;1
963;0;3;196;land;true;plains;1
964;0;3;197;land;false;desert;1
965;0;3;198;land;false;desert;1
966;0;3;199;land;false;desert;1
967;0;3;200;land;false;desert;1
968;0;3;201;land;false;desert;1
969;0;3;202;land;false;desert;1
970;0;3;203;land;false;desert;1
971;0;3;204;land;false;plains;1
972;0;3;205;land;false;plains;1
973;0;3;206;land;false;plains;1
974;0;3;207;land;false;desert;1
975;0;3;208;land;false;desert;1
976;0;3;209;land;false;desert;1
977;0;3;210;land;false;desert;1
978;0;3;211;land;false;hills;1
979;0;3;212;land;false;desert;1
980;0;3;213;land;false;desert;1
981;0;3;214;land;false;plains;1
982;0;3;215;land;false;desert;1
983;0;3;216;land;false;desert;1
984;0;3;217;land;false;desert;1
985;0;3;218;land;false;desert;1
986;0;3;219;land;false;desert;1
987;0;3;220;land;false;desert;1
988;0;3;221;land;false;desert;1
989;0;3;222;land;false;plains;1
990;0;3;223;land;false;plains;1
991;0;3;224;land;false;plains;1
992;0;3;225;land;false;desert;1
993;0;3;226;land;false;plains;1
994;0;3;227;land;false;plains;1
995;0;3;228;land;false;desert;1
996;0;3;229;land;false;desert;1
997;0;3;230;land;true;plains;1
998;0;3;231;land;false;desert;1
999;0;3;232;land;false;plains;1
1000;0;3;233;land;false;desert;1
1001;0;3;234;land;false;desert;1
1002;0;3;235;land;false;desert;1
1003;0;3;236;land;false;desert;1
1004;0;3;237;land;false;desert;1
1005;0;3;238;land;false;plains;1
1006;0;3;239;land;false;desert;1
1007;0;3;240;land;false;desert;1
1008;0;3;241;land;false;hills;1
1009;0;3;242;land;false;desert;1
1010;0;3;243;land;false;desert;1
1011;0;3;244;land;false;hills;1
1012;0;3;245;land;false;hills;1
1013;0;3;246;land;false;desert;1
1014;0;3;247;land;false;desert;1
1015;0;3;248;land;true;plains;1
1016;0;3;249;land;false;desert;1
1017;0;3;250;land;false;hills;1
1018;0;3;251;land;false;desert;1
1019;0;3;252;land;false;hills;1
1020;0;3;253;land;false;plains;1
1021;0;3;254;land;false;desert;1
1022;0;3;255;land;false;desert;1
1023;0;4;0;land;false;desert;1
1024;0;4;1;land;false;hills;1
1025;0;4;2;land;false;desert;1
1026;0;4;3;land;false;hills;1
1027;0;4;4;land;false;desert;1
1028;0;4;5;land;false;plains;1
1029;0;4;6;land;false;desert;1
1030;0;4;7;land;false;desert;1
1031;0;4;8;land;false;plains;1
1032;0;4;9;land;false;plains;1
1033;0;4;10;land;true;plains;1
1034;0;4;11;land;false;desert;1
1035;0;4;12;land;false;plains;1
1036;0;4;13;land;false;desert;1
1037;0;4;14;land;false;plains;1
1038;0;4;15;land;false;desert;1
1039;0;4;16;land;false;desert;1
1040;0;4;17;land;false;plains;1
1041;0;4;18;land;false;hills;1
1042;0;4;19;land;false;desert;1
1043;0;4;20;land;false;desert;1
1044;0;4;21;land;false;plains;1
1045;0;4;22;land;false;plains;1
1046;0;4;23;land;false;hills;1
1047;0;4;24;land;false;desert;1
1048;0;4;25;land;false;desert;1
1049;0;4;26;land;false;desert;1
1050;0;4;27;land;false;plains;1
1051;0;4;28;land;false;plains;1
1052;0;4;29;land;true;plains;1
1053;0;4;30;land;false;hills;1
1054;0;4;31;land;false;desert;1
1055;0;4;32;land;false;plains;1
1056;0;4;33;land;false;plains;1
1057;0;4;34;land;false;desert;1
1058;0;4;35;land;false;plains;1
1059;0;4;36;land;false;plains;1
1060;0;4;37;land;false;desert;1
1061;0;4;38;land;false;hills;1
1062;0;4;39;land;false;desert;1
1063;0;4;40;land;false;desert;1
1064;0;4;41;land;false;desert;1
1065;0;4;42;land;false;desert;1
1066;0;4;43;land;false;desert;1
1067;0;4;44;land;false;plains;1
1068;0;4;45;land;true;plains;1
1069;0;4;46;land;false;desert;1
1070;0;4;47;land;false;desert;1
1071;0;4;48;land;false;plains;1
1072;0;4;49;land;false;hills;1
1073;0;4;50;land;false;hills;1
1074;0;4;51;land;false;plains;1
1075;0;4;52;land;false;plains;1
1076;0;4;53;land;false;hills;1
1077;0;4;54;land;false;desert;1
1078;0;4;55;land;false;desert;1
1079;0;4;56;land;true;plains;1
1080;0;4;57;land;false;desert;1
1081;0;4;58;land;false;desert;1
1082;0;4;59;land;false;plains;1
1083;0;4;60;land;false;desert;1
1084;0;4;61;land;false;hills;1
1085;0;4;62;land;false;desert;1
1086;0;4;63;land;false;plains;1
1087;0;4;64;land;true;plains;1
1088;0;4;65;land;false;desert;1
1089;0;4;66;land;true;plains;1
1090;0;4;67;land;true;plains;1
1091;0;4;68;land;false;desert;1
1092;0;4;69;land;false;plains;1
1093;0;4;70;land;false;desert;1
1094;0;4;71;land;true;plains;1
1095;0;4;72;land;false;plains;1
1096;0;4;73;land;false;desert;1
1097;0;4;74;land;false;plains;1
1098;0;4;75;land;true;plains;1
1099;0;4;76;land;true;plains;1
1100;0;4;77;land;false;desert;1
1101;0;4;78;land;false;plains;1
1102;0;4;79;land;true;plains;1
1103;0;4;80;land;true;plains;1
1104;0;4;81;land;false;desert;1
1105;0;4;82;land;false;desert;1
1106;0;4;83;land;false;plains;1
1107;0;4;84;land;false;plains;1
1108;0;4;85;land;true;plains;1
1109;0;4;86;land;false;plains;1
1110;0;4;87;land;false;plains;1
1111;0;4;88;land;false;plains;1
1112;0;4;89;land;true;plains;1
1113;0;4;90;land;false;plains;1
1114;0;4;91;land;false;plains;1
1115;0;4;92;land;false;desert;1
1116;0;4;93;land;false;desert;1
1117;0;4;94;land;false;hills;1
1118;0;4;95;land;true;plains;1
1119;0;4;96;land;false;desert;1
1120;0;4;97;land;false;plains;1
1121;0;4;98;land;false;hills;1
1122;0;4;99;land;true;plains;1
1123;0;4;100;land;false;hills;1
1124;0;4;101;land;false;plains;1
1125;0;4;102;land;false;plains;1
1126;0;4;103;land;true;plains;1
1127;0;4;104;land;false;hills;1
1128;0;4;105;land;false;desert;1
1129;0;4;106;land;false;plains;1
1130;0;4;107;land;false;hills;1
1131;0;4;108;land;true;plains;1
1132;0;4;109;land;false;plains;1
1133;0;4;110;land;false;plains;1
1134;0;4;111;land;false;desert;1
1135;0;4;112;land;true;plains;1
1136;0;4;113;land;false;desert;1
1137;0;4;114;land;false;hills;1
1138;0;4;115;land;true;plains;1
1139;0;4;116;land;false;desert;1
1140;0;4;117;land;false;hills;1
1141;0;4;118;land;false;plains;1
1142;0;4;119;land;false;plains;1
1143;0;4;120;land;true;plains;1
1144;0;4;121;land;false;desert;1
1145;0;4;122;land;true;plains;1
1146;0;4;123;land;false;plains;1
1147;0;4;124;land;false;plains;1
1148;0;4;125;land;false;desert;1
1149;0;4;126;land;false;hills;1
1150;0;4;127;land;false;desert;1
1151;0;4;128;land;false;plains;1
1152;0;4;129;land;true;plains;1
1153;0;4;130;land;false;desert;1
1154;0;4;131;land;false;desert;1
1155;0;4;132;land;false;desert;1
1156;0;4;133;land;false;plains;1
1157;0;4;134;land;false;plains;1
1158;0;4;135;land;true;plains;1
1159;0;4;136;land;false;desert;1
1160;0;4;137;land;false;plains;1
1161;0;4;138;land;false;plains;1
1162;0;4;139;land;false;plains;1
1163;0;4;140;land;false;plains;1
1164;0;4;141;land;true;plains;1
1165;0;4;142;land;false;plains;1
1166;0;4;143;land;false;desert;1
1167;0;4;144;land;false;plains;1
1168;0;4;145;land;false;desert;1
1169;0;4;146;land;false;plains;1
1170;0;4;147;land;true;plains;1
1171;0;4;148;land;true;plains;1
1172;0;4;149;land;false;plains;1
1173;0;4;150;land;false;desert;1
1174;0;4;151;land;false;plains;1
1175;0;4;152;land;true;plains;1
1176;0;4;153;land;false;plains;1
1177;0;4;154;land;false;plains;1
1178;0;4;155;land;false;plains;1
1179;0;4;156;land;false;plains;1
1180;0;4;157;land;false;plains;1
1181;0;4;158;land;true;plains;1
1182;0;4;159;land;false;plains;1
1183;0;4;160;land;false;plains;1
1184;0;4;161;land;false;hills;1
1185;0;4;162;land;false;plains;1
1186;0;4;163;land;false;plains;1
1187;0;4;164;land;false;plains;1
1188;0;4;165;land;true;plains;1
1189;0;4;166;land;false;plains;1
1190;0;4;167;land;false;plains;1
1191;0;4;168;land;false;plains;1
1192;0;4;169;land;false;plains;1
1193;0;4;170;land;false;plains;1
1194;0;4;171;land;false;plains;1
1195;0;4;172;land;false;plains;1
1196;0;4;173;land;false;plains;1
1197;0;4;174;land;true;plains;1
1198;0;4;175;land;false;desert;1
1199;0;4;176;land;false;hills;1
1200;0;4;177;land;false;plains;1
1201;0;4;178;land;false;plains;1
1202;0;4;179;land;false;desert;1
1203;0;4;180;land;false;desert;1
1204;0;4;181;land;false;plains;1
1205;0;4;182;land;true;plains;1
1206;0;4;183;land;false;desert;1
1207;0;4;184;land;false;plains;1
1208;0;4;185;land;false;plains;1
1209;0;4;186;land;false;desert;1
1210;0;4;187;land;false;desert;1
1211;0;4;188;land;true;plains;1
1212;0;4;189;land;false;desert;1
1213;0;4;190;land;false;desert;1
1214;0;4;191;land;true;plains;1
1215;0;4;192;land;false;plains;1
1216;0;4;193;land;false;plains;1
1217;0;4;194;land;false;plains;1
1218;0;4;195;land;false;plains;1
1219;0;4;196;land;false;plains;1
1220;0;4;197;land;false;desert;1
1221;0;4;198;land;false;plains;1
1222;0;4;199;land;false;plains;1
1223;0;4;200;land;false;plains;1
1224;0;4;201;land;false;plains;1
1225;0;4;202;land;false;desert;1
1226;0;4;203;land;false;desert;1
1227;0;4;204;land;true;plains;1
1228;0;4;205;land;false;plains;1
1229;0;4;206;land;false;plains;1
1230;0;4;207;land;false;plains;1
1231;0;4;208;land;false;hills;1
1232;0;4;209;land;false;desert;1
1233;0;4;210;land;true;plains;1
1234;0;4;211;land;false;plains;1
1235;0;4;212;land;false;plains;1
1236;0;4;213;land;true;plains;1
1237;0;4;214;land;true;plains;1
1238;0;4;215;land;false;desert;1
1239;0;4;216;land;false;plains;1
1240;0;4;217;land;false;plains;1
1241;0;4;218;land;false;desert;1
1242;0;4;219;land;false;plains;1
1243;0;4;220;land;false;plains;1
1244;0;4;221;land;true;plains;1
1245;0;4;222;land;false;plains;1
1246;0;4;223;land;false;plains;1
1247;0;4;224;land;false;plains;1
1248;0;4;225;land;true;plains;1
1249;0;4;226;land;false;desert;1
1250;0;4;227;land;false;desert;1
1251;0;4;228;land;false;desert;1
1252;0;4;229;land;false;plains;1
1253;0;4;230;land;false;plains;1
1254;0;4;231;land;false;plains;1
1255;0;4;232;land;false;plains;1
1256;0;4;233;land;false;desert;1
1257;0;4;234;land;false;plains;1
1258;0;4;235;land;false;plains;1
1259;0;4;236;land;false;plains;1
1260;0;4;237;land;false;plains;1
1261;0;4;238;land;false;desert;1
1262;0;4;239;land;false;desert;1
1263;0;4;240;land;false;plains;1
1264;0;4;241;land;false;desert;1
1265;0;4;242;land;false;plains;1
1266;0;4;243;land;true;plains;1
1267;0;4;244;land;false;plains;1
1268;0;4;245;land;false;desert;1
1269;0;4;246;land;false;plains;1
1270;0;4;247;land;false;plains;1
1271;0;4;248;land;false;plains;1
1272;0;4;249;land;false;hills;1
1273;0;4;250;land;false;desert;1
1274;0;4;251;land;false;plains;1
1275;0;4;252;land;false;desert;1
1276;0;4;253;land;false;hills;1
1277;0;4;254;land;false;plains;1
1278;0;4;255;land;false;plains;1
1279;0;5;0;land;false;desert;1
1280;0;5;1;land;false;plains;1
1281;0;5;2;land;false;plains;1
1282;0;5;3;land;false;plains;1
1283;0;5;4;land;false;desert;1
1284;0;5;5;land;false;desert;1
1285;0;5;6;land;false;plains;1
1286;0;5;7;land;false;plains;1
1287;0;5;8;land;false;desert;1
1288;0;5;9;land;false;plains;1
1289;0;5;10;land;false;plains;1
1290;0;5;11;land;false;desert;1
1291;0;5;12;land;true;plains;1
1292;0;5;13;land;false;plains;1
1293;0;5;14;land;true;plains;1
1294;0;5;15;land;false;plains;1
1295;0;5;16;land;false;desert;1
1296;0;5;17;land;false;plains;1
1297;0;5;18;land;false;plains;1
1298;0;5;19;land;true;plains;1
1299;0;5;20;land;false;desert;1
1300;0;5;21;land;false;plains;1
1301;0;5;22;land;false;desert;1
1302;0;5;23;land;false;desert;1
1303;0;5;24;land;false;plains;1
1304;0;5;25;land;true;plains;1
1305;0;5;26;land;false;plains;1
1306;0;5;27;land;false;desert;1
1307;0;5;28;land;false;plains;1
1308;0;5;29;land;false;plains;1
1309;0;5;30;land;false;plains;1
1310;0;5;31;land;false;plains;1
1311;0;5;32;land;false;plains;1
1312;0;5;33;land;false;plains;1
1313;0;5;34;land;false;desert;1
1314;0;5;35;land;false;desert;1
1315;0;5;36;land;false;plains;1
1316;0;5;37;land;false;plains;1
1317;0;5;38;land;false;desert;1
1318;0;5;39;land;false;desert;1
1319;0;5;40;land;false;plains;1
1320;0;5;41;land;true;plains;1
1321;0;5;42;land;false;plains;1
1322;0;5;43;land;false;plains;1
1323;0;5;44;land;false;hills;1
1324;0;5;45;land;false;plains;1
1325;0;5;46;land;false;plains;1
1326;0;5;47;land;false;desert;1
1327;0;5;48;land;false;plains;1
1328;0;5;49;land;false;desert;1
1329;0;5;50;land;true;plains;1
1330;0;5;51;land;true;plains;1
1331;0;5;52;land;true;plains;1
1332;0;5;53;land;true;plains;1
1333;0;5;54;land;true;plains;1
1334;0;5;55;land;false;desert;1
1335;0;5;56;land;false;plains;1
1336;0;5;57;land;false;desert;1
1337;0;5;58;land;false;desert;1
1338;0;5;59;land;false;plains;1
1339;0;5;60;land;true;plains;1
1340;0;5;61;land;false;desert;1
1341;0;5;62;land;false;plains;1
1342;0;5;63;land;false;plains;1
1343;0;5;64;sea;false;lakes;1
1344;0;5;65;land;false;hills;1
1345;0;5;66;land;false;desert;1
1346;0;5;67;land;false;plains;1
1347;0;5;68;land;false;plains;1
1348;0;5;69;land;false;plains;1
1349;0;5;70;land;false;plains;1
1350;0;5;71;land;false;plains;1
1351;0;5;72;land;false;desert;1
1352;0;5;73;land;true;plains;1
1353;0;5;74;land;false;plains;1
1354;0;5;75;land;true;plains;1
1355;0;5;76;land;false;plains;1
1356;0;5;77;land;true;plains;1
1357;0;5;78;land;false;plains;1
1358;0;5;79;land;false;desert;1
1359;0;5;80;land;true;plains;1
1360;0;5;81;land;false;desert;1
1361;0;5;82;land;false;desert;1
1362;0;5;83;land;false;plains;1
1363;0;5;84;land;false;plains;1
1364;0;5;85;land;false;desert;1
1365;0;5;86;land;false;plains;1
1366;0;5;87;land;false;plains;1
1367;0;5;88;land;false;plains;1
1368;0;5;89;land;false;desert;1
1369;0;5;90;land;false;plains;1
1370;0;5;91;land;true;plains;1
1371;0;5;92;land;false;plains;1
1372;0;5;93;land;false;plains;1
1373;0;5;94;land;true;plains;1
1374;0;5;95;land;false;plains;1
1375;0;5;96;land;false;desert;1
1376;0;5;97;land;false;plains;1
1377;0;5;98;land;false;plains;1
1378;0;5;99;land;true;plains;1
1379;0;5;100;land;false;plains;1
1380;0;5;101;land;false;plains;1
1381;0;5;102;land;false;plains;1
1382;0;5;103;land;false;plains;1
1383;0;5;104;land;true;plains;1
1384;0;5;105;land;false;desert;1
1385;0;5;106;land;false;plains;1
1386;0;5;107;land;false;plains;1
1387;0;5;108;land;false;desert;1
1388;0;5;109;land;false;plains;1
1389;0;5;110;land;false;plains;1
1390;0;5;111;land;false;plains;1
1391;0;5;112;land;false;plains;1
1392;0;5;113;land;false;desert;1
1393;0;5;114;land;false;plains;1
1394;0;5;115;land;false;plains;1
1395;0;5;116;land;true;plains;1
1396;0;5;117;land;false;desert;1
1397;0;5;118;land;true;plains;1
1398;0;5;119;land;false;plains;1
1399;0;5;120;land;false;desert;1
1400;0;5;121;land;false;plains;1
1401;0;5;122;land;false;plains;1
1402;0;5;123;land;false;plains;1
1403;0;5;124;land;false;desert;1
1404;0;5;125;land;false;plains;1
1405;0;5;126;land;false;plains;1
1406;0;5;127;land;false;desert;1
1407;0;5;128;land;false;plains;1
1408;0;5;129;land;false;plains;1
1409;0;5;130;land;true;plains;1
1410;0;5;131;land;false;plains;1
1411;0;5;132;land;false;plains;1
1412;0;5;133;land;false;hills;1
1413;0;5;134;land;false;desert;1
1414;0;5;135;land;false;plains;1
1415;0;5;136;land;true;plains;1
1416;0;5;137;land;false;plains;1
1417;0;5;138;land;false;plains;1
1418;0;5;139;land;false;plains;1
1419;0;5;140;land;false;plains;1
1420;0;5;141;land;false;plains;1
1421;0;5;142;land;false;plains;1
1422;0;5;143;land;false;plains;1
1423;0;5;144;land;true;plains;1
1424;0;5;145;land;false;desert;1
1425;0;5;146;land;false;plains;1
1426;0;5;147;land;false;desert;1
1427;0;5;148;land;false;plains;1
1428;0;5;149;land;false;plains;1
1429;0;5;150;land;false;plains;1
1430;0;5;151;land;false;plains;1
1431;0;5;152;land;false;plains;1
1432;0;5;153;land;false;plains;1
1433;0;5;154;land;false;plains;1
1434;0;5;155;land;false;desert;1
1435;0;5;156;land;false;desert;1
1436;0;5;157;land;false;plains;1
1437;0;5;158;land;false;desert;1
1438;0;5;159;land;true;plains;1
1439;0;5;160;land;false;plains;1
1440;0;5;161;land;false;desert;1
1441;0;5;162;land;false;desert;1
1442;0;5;163;land;false;plains;1
1443;0;5;164;land;false;plains;1
1444;0;5;165;land;false;plains;1
1445;0;5;166;land;false;desert;1
1446;0;5;167;land;false;desert;1
1447;0;5;168;land;false;plains;1
1448;0;5;169;land;false;plains;1
1449;0;5;170;land;false;desert;1
1450;0;5;171;land;false;hills;1
1451;0;5;172;land;false;plains;1
1452;0;5;173;land;true;plains;1
1453;0;5;174;land;true;plains;1
1454;0;5;175;land;false;plains;1
1455;0;5;176;land;false;plains;1
1456;0;5;177;land;false;plains;1
1457;0;5;178;land;true;plains;1
1458;0;5;179;land;true;plains;1
1459;0;5;180;land;false;desert;1
1460;0;5;181;land;false;plains;1
1461;0;5;182;land;false;plains;1
1462;0;5;183;land;false;desert;1
1463;0;5;184;land;false;plains;1
1464;0;5;185;sea;true;lakes;1
1465;0;5;186;land;false;plains;1
1466;0;5;187;land;false;hills;1
1467;0;5;188;land;false;desert;1
1468;0;5;189;land;false;plains;1
1469;0;5;190;land;false;plains;1
1470;0;5;191;land;false;desert;1
1471;0;5;192;land;false;plains;1
1472;0;5;193;land;false;desert;1
1473;0;5;194;land;false;plains;1
1474;0;5;195;land;false;plains;1
1475;0;5;196;land;false;desert;1
1476;0;5;197;sea;false;lakes;1
1477;0;5;198;land;false;plains;1
1478;0;5;199;land;false;desert;1
1479;0;5;200;land;true;plains;1
1480;0;5;201;land;true;plains;1
1481;0;5;202;land;true;plains;1
1482;0;5;203;land;false;desert;1
1483;0;5;204;land;false;desert;1
1484;0;5;205;land;false;plains;1
1485;0;5;206;land;false;desert;1
1486;0;5;207;land;false;desert;1
1487;0;5;208;land;false;plains;1
1488;0;5;209;land;true;plains;1
1489;0;5;210;land;false;hills;1
1490;0;5;211;land;true;plains;1
1491;0;5;212;land;false;desert;1
1492;0;5;213;land;true;plains;1
1493;0;5;214;land;true;plains;1
1494;0;5;215;land;false;plains;1
1495;0;5;216;land;false;desert;1
1496;0;5;217;land;false;plains;1
1497;0;5;218;land;false;plains;1
1498;0;5;219;land;true;plains;1
1499;0;5;220;land;false;desert;1
1500;0;5;221;land;false;plains;1
1501;0;5;222;land;false;plains;1
1502;0;5;223;land;false;plains;1
1503;0;5;224;land;false;desert;1
1504;0;5;225;land;false;plains;1
1505;0;5;226;land;false;desert;1
1506;0;5;227;land;false;plains;1
1507;0;5;228;land;false;plains;1
1508;0;5;229;land;false;plains;1
1509;0;5;230;land;false;hills;1
1510;0;5;231;land;true;plains;1
1511;0;5;232;land;false;plains;1
1512;0;5;233;land;false;desert;1
1513;0;5;234;land;false;desert;1
1514;0;5;235;land;false;plains;1
1515;0;5;236;land;false;desert;1
1516;0;5;237;land;false;plains;1
1517;0;5;238;land;true;plains;1
1518;0;5;239;land;false;plains;1
1519;0;5;240;land;false;hills;1
1520;0;5;241;land;true;plains;1
1521;0;5;242;land;false;hills;1
1522;0;5;243;land;false;plains;1
1523;0;5;244;land;false;desert;1
1524;0;5;245;land;false;plains;1
1525;0;5;246;land;false;plains;1
1526;0;5;247;land;false;desert;1
1527;0;5;248;land;false;plains;1
1528;0;5;249;land;false;hills;1
1529;0;5;250;land;false;desert;1
1530;0;5;251;land;false;plains;1
1531;0;5;252;land;false;hills;1
1532;0;5;253;sea;true;lakes;1
1533;0;5;254;land;true;plains;1
1534;0;5;255;land;false;desert;1
1535;0;6;0;land;true;plains;1
1536;0;6;1;land;false;plains;1
1537;0;6;2;land;true;desert;1
1538;0;6;3;land;false;plains;1
1539;0;6;4;land;false;plains;1
1540;0;6;5;land;false;plains;1
1541;0;6;6;land;false;plains;1
1542;0;6;7;land;false;plains;1
1543;0;6;8;land;false;plains;1
1544;0;6;9;land;false;desert;1
1545;0;6;10;land;false;plains;1
1546;0;6;11;land;false;plains;1
1547;0;6;12;land;false;plains;1
1548;0;6;13;land;false;desert;1
1549;0;6;14;land;true;plains;1
1550;0;6;15;land;false;plains;1
1551;0;6;16;land;true;plains;1
1552;0;6;17;land;false;plains;1
1553;0;6;18;land;false;plains;1
1554;0;6;19;land;true;plains;1
1555;0;6;20;land;true;plains;1
1556;0;6;21;land;true;plains;1
1557;0;6;22;land;false;plains;1
1558;0;6;23;land;false;desert;1
1559;0;6;24;land;true;plains;1
1560;0;6;25;land;false;plains;1
1561;0;6;26;land;true;plains;1
1562;0;6;27;land;false;plains;1
1563;0;6;28;land;false;plains;1
1564;0;6;29;land;true;plains;1
1565;0;6;30;land;false;plains;1
1566;0;6;31;land;false;desert;1
1567;0;6;32;land;false;plains;1
1568;0;6;33;land;false;plains;1
1569;0;6;34;land;false;plains;1
1570;0;6;35;land;false;plains;1
1571;0;6;36;land;true;plains;1
1572;0;6;37;land;true;plains;1
1573;0;6;38;land;false;plains;1
1574;0;6;39;land;true;plains;1
1575;0;6;40;land;true;plains;1
1576;0;6;41;land;false;plains;1
1577;0;6;42;land;false;plains;1
1578;0;6;43;land;false;plains;1
1579;0;6;44;land;false;plains;1
1580;0;6;45;land;true;plains;1
1581;0;6;46;land;true;plains;1
1582;0;6;47;land;false;plains;1
1583;0;6;48;land;false;plains;1
1584;0;6;49;land;true;plains;1
1585;0;6;50;land;true;plains;1
1586;0;6;51;land;false;plains;1
1587;0;6;52;land;true;plains;1
1588;0;6;53;land;false;desert;1
1589;0;6;54;land;true;plains;1
1590;0;6;55;land;false;plains;1
1591;0;6;56;land;true;plains;1
1592;0;6;57;land;true;plains;1
1593;0;6;58;land;false;plains;1
1594;0;6;59;land;false;plains;1
1595;0;6;60;sea;true;lakes;1
1596;0;6;61;land;false;plains;1
1597;0;6;62;land;true;plains;1
1598;0;6;63;land;false;plains;1
1599;0;6;64;land;false;plains;1
1600;0;6;65;land;false;plains;1
1601;0;6;66;land;false;plains;1
1602;0;6;67;land;false;desert;1
1603;0;6;68;land;false;plains;1
1604;0;6;69;land;false;plains;1
1605;0;6;70;land;true;plains;1
1606;0;6;71;land;false;plains;1
1607;0;6;72;land;false;desert;1
1608;0;6;73;land;true;plains;1
1609;0;6;74;land;false;plains;1
1610;0;6;75;land;false;plains;1
1611;0;6;76;land;true;plains;1
1612;0;6;77;land;true;plains;1
1613;0;6;78;land;true;plains;1
1614;0;6;79;land;false;plains;1
1615;0;6;80;land;true;plains;1
1616;0;6;81;land;true;plains;1
1617;0;6;82;land;true;plains;1
1618;0;6;83;sea;false;lakes;1
1619;0;6;84;sea;true;lakes;1
1620;0;6;85;sea;true;lakes;1
1621;0;6;86;land;false;hills;1
1622;0;6;87;land;false;hills;1
1623;0;6;88;land;false;hills;1
1624;0;6;89;land;false;hills;1
1625;0;6;90;land;false;hills;1
1626;0;6;91;land;false;hills;1
1627;0;6;92;land;false;hills;1
1628;0;6;93;land;false;hills;1
1629;0;6;94;land;false;hills;1
1630;0;6;95;land;false;hills;1
1631;0;6;96;land;false;hills;1
1632;0;6;97;land;false;hills;1
1633;0;6;98;land;false;hills;1
1634;0;6;99;land;false;hills;1
1635;0;6;100;land;false;desert;1
1636;0;6;101;land;false;hills;1
1637;0;6;102;land;false;hills;1
1638;0;6;103;land;false;hills;1
1639;0;6;104;land;false;hills;1
1640;0;6;105;land;false;hills;1
1641;0;6;106;land;false;hills;1
1642;0;6;107;land;false;hills;1
1643;0;6;108;land;false;hills;1
1644;0;6;109;land;false;hills;1
1645;0;6;110;land;false;hills;1
1646;0;6;111;;false;;0
1647;0;6;112;;false;;0
1648;0;6;113;land;false;hills;1
1649;0;6;114;land;false;hills;1
1650;0;6;115;land;false;hills;1
1651;0;6;116;land;false;hills;1
1652;0;6;117;land;false;hills;1
1653;0;6;118;land;false;hills;1
1654;0;6;119;land;false;hills;1
1655;0;6;120;;false;;0
1656;0;6;121;land;false;hills;1
1657;0;6;122;land;false;hills;1
1658;0;6;123;land;false;hills;1
1659;0;6;124;land;false;hills;1
1660;0;6;125;land;false;hills;1
1661;0;6;126;land;false;hills;1
1662;0;6;127;;false;;0
1663;0;6;128;;false;;0
1664;0;6;129;;false;;0
1665;0;6;130;;false;;0
1666;0;6;131;land;false;hills;1
1667;0;6;132;land;false;hills;1
1668;0;6;133;land;false;hills;1
1669;0;6;134;;false;;0
1670;0;6;135;land;false;hills;1
1671;0;6;136;land;false;hills;1
1672;0;6;137;land;false;hills;1
1673;0;6;138;land;false;hills;1
1674;0;6;139;land;false;hills;1
1675;0;6;140;land;false;hills;1
1676;0;6;141;land;false;hills;1
1677;0;6;142;land;false;desert;1
1678;0;6;143;land;false;desert;1
1679;0;6;144;land;false;hills;1
1680;0;6;145;land;false;hills;1
1681;0;6;146;;false;;0
1682;0;6;147;;false;;0
1683;0;6;148;land;false;hills;1
1684;0;6;149;land;false;hills;1
1685;0;6;150;land;false;hills;1
1686;0;6;151;land;false;hills;1
1687;0;6;152;land;false;hills;1
1688;0;6;153;land;false;hills;1
1689;0;6;154;land;false;hills;1
1690;0;6;155;land;false;hills;1
1691;0;6;156;land;false;hills;1
1692;0;6;157;land;false;hills;1
1693;0;6;158;land;false;hills;1
1694;0;6;159;land;false;hills;1
1695;0;6;160;land;false;hills;1
1696;0;6;161;land;false;desert;1
1697;0;6;162;land;false;desert;1
1698;0;6;163;land;false;desert;1
1699;0;6;164;land;false;desert;1
1700;0;6;165;land;false;desert;1
1701;0;6;166;land;false;hills;1
1702;0;6;167;land;false;hills;1
1703;0;6;168;land;false;hills;1
1704;0;6;169;land;false;hills;1
1705;0;6;170;land;false;hills;1
1706;0;6;171;land;false;hills;1
1707;0;6;172;land;false;hills;1
1708;0;6;173;land;false;desert;1
1709;0;6;174;land;false;hills;1
1710;0;6;175;land;false;desert;1
1711;0;6;176;land;false;hills;1
1712;0;6;177;land;false;desert;1
1713;0;6;178;land;false;hills;1
1714;0;6;179;land;false;hills;1
1715;0;6;180;land;false;desert;1
1716;0;6;181;land;false;desert;1
1717;0;6;182;land;false;hills;1
1718;0;6;183;land;false;desert;1
1719;0;6;184;land;false;hills;1
1720;0;6;185;land;false;hills;1
1721;0;6;186;land;false;desert;1
1722;0;6;187;land;false;hills;1
1723;0;6;188;land;false;hills;1
1724;0;6;189;land;false;desert;1
1725;0;6;190;land;false;desert;1
1726;0;6;191;land;false;desert;1
1727;0;6;192;land;false;desert;1
1728;0;6;193;land;false;desert;1
1729;0;6;194;land;false;desert;1
1730;0;6;195;land;false;desert;1
1731;0;6;196;land;false;desert;1
1732;0;6;197;land;false;hills;1
1733;0;6;198;land;false;desert;1
1734;0;6;199;land;false;desert;1
1735;0;6;200;land;false;desert;1
1736;0;6;201;;false;;0
1737;0;6;202;;false;;0
1738;0;6;203;;false;;0
1739;0;6;204;;false;;0
1740;0;6;205;;false;;0
1741;0;6;206;land;false;desert;1
1742;0;6;207;;false;;0
1743;0;6;208;;false;;0
1744;0;6;209;land;false;desert;1
1745;0;6;210;land;false;desert;1
1746;0;6;211;;false;;0
1747;0;6;212;;false;;0
1748;0;6;213;;false;;0
1749;0;6;214;;false;;0
1750;0;6;215;;false;;0
1751;0;6;216;land;true;plains;1
1752;0;6;217;;false;;0
1753;0;6;218;;false;;0
1754;0;6;219;;false;;0
1755;0;6;220;;false;;0
1756;0;6;221;;false;;0
1757;0;6;222;;false;;0
1758;0;6;223;;false;;0
1759;0;6;224;;false;;0
1760;0;6;225;;false;;0
1761;0;6;226;;false;;0
1762;0;6;227;;false;;0
1763;0;6;228;;false;;0
1764;0;6;229;;false;;0
1765;0;6;230;;false;;0
1766;0;6;231;;false;;0
1767;0;6;232;;false;;0
1768;0;6;233;;false;;0
1769;0;6;234;;false;;0
1770;0;6;235;;false;;0
1771;0;6;236;;false;;0
1772;0;6;237;;false;;0
1773;0;6;238;;false;;0
1774;0;6;239;;false;;0
1775;0;6;240;;false;;0
1776;0;6;241;;false;;0
1777;0;6;242;;false;;0
1778;0;6;243;;false;;0
1779;0;6;244;;false;;0
1780;0;6;245;;false;;0
1781;0;6;246;;false;;0
1782;0;6;247;;false;;0
1783;0;6;248;;false;;0
1784;0;6;249;;false;;0
1785;0;6;250;;false;;0
1786;0;6;251;;false;;0
1787;0;6;252;;false;;0
1788;0;6;253;;false;;0
1789;0;6;254;;false;;0
1790;0;6;255;;false;;0
1791;0;7;0;;false;;0
1792;0;7;1;;false;;0
1793;0;7;2;;false;;0
1794;0;7;3;;false;;0
1795;0;7;4;;false;;0
1796;0;7;5;;false;;0
1797;0;7;6;;false;;0
1798;0;7;7;;false;;0
1799;0;7;8;;false;;0
1800;0;7;9;;false;;0
1801;0;7;10;;false;;0
1802;0;7;11;;false;;0
1803;0;7;12;;false;;0
1804;0;7;13;;false;;0
1805;0;7;14;;false;;0
1806;0;7;15;;false;;0
1807;0;7;16;;false;;0
1808;0;7;17;;false;;0
1809;0;7;18;;false;;0
1810;0;7;19;;false;;0
1811;0;7;20;;false;;0
1812;0;7;21;;false;;0
1813;0;7;22;;false;;0
1814;0;7;23;;false;;0
1815;0;7;24;;false;;0
1816;0;7;25;;false;;0
1817;0;7;26;;false;;0
1818;0;7;27;;false;;0
1819;0;7;28;;false;;0
1820;0;7;29;;false;;0
1821;0;7;30;;false;;0
1822;0;7;31;;false;;0
1823;0;7;32;;false;;0
1824;0;7;33;;false;;0
1825;0;7;34;;false;;0
1826;0;7;35;;false;;0
1827;0;7;36;;false;;0
1828;0;7;37;;false;;0
1829;0;7;38;;false;;0
1830;0;7;39;;false;;0
1831;0;7;40;;false;;0
1832;0;7;41;;false;;0
1833;0;7;42;;false;;0
1834;0;7;43;;false;;0
1835;0;7;44;;false;;0
1836;0;7;45;;false;;0
1837;0;7;46;;false;;0
1838;0;7;47;;false;;0
1839;0;7;48;;false;;0
1840;0;7;49;;false;;0
1841;0;7;50;;false;;0
1842;0;7;51;;false;;0
1843;0;7;52;;false;;0
1844;0;7;53;;false;;0
1845;0;7;54;;false;;0
1846;0;7;55;;false;;0
1847;0;7;56;;false;;0
1848;0;7;57;;false;;0
1849;0;7;58;;false;;0
1850;0;7;59;;false;;0
1851;0;7;60;;false;;0
1852;0;7;61;;false;;0
1853;0;7;62;;false;;0
1854;0;7;63;;false;;0
1855;0;7;64;;false;;0
1856;0;7;65;;false;;0
1857;0;7;66;;false;;0
1858;0;7;67;;false;;0
1859;0;7;68;;false;;0
1860;0;7;69;;false;;0
1861;0;7;70;;false;;0
1862;0;7;71;;false;;0
1863;0;7;72;;false;;0
1864;0;7;73;;false;;0
1865;0;7;74;;false;;0
1866;0;7;75;;false;;0
1867;0;7;76;;false;;0
1868;0;7;77;;false;;0
1869;0;7;78;;false;;0
1870;0;7;79;;false;;0
1871;0;7;80;;false;;0
1872;0;7;81;;false;;0
1873;0;7;82;;false;;0
1874;0;7;83;;false;;0
1875;0;7;84;;false;;0
1876;0;7;85;;false;;0
1877;0;7;86;;false;;0
1878;0;7;87;;false;;0
1879;0;7;88;;false;;0
1880;0;7;89;;false;;0
1881;0;7;90;;false;;0
1882;0;7;91;;false;;0
1883;0;7;92;;false;;0
1884;0;7;93;;false;;0
1885;0;7;94;;false;;0
1886;0;7;95;;false;;0
1887;0;7;96;;false;;0
1888;0;7;97;;false;;0
1889;0;7;98;;false;;0
1890;0;7;99;;false;;0
1891;0;7;100;;false;;0
1892;0;7;101;;false;;0
1893;0;7;102;;false;;0
1894;0;7;103;;false;;0
1895;0;7;104;;false;;0
1896;0;7;105;;false;;0
1897;0;7;106;;false;;0
1898;0;7;107;;false;;0
1899;0;7;108;;false;;0
1900;0;7;109;;false;;0
1901;0;7;110;;false;;0
1902;0;7;111;;false;;0
1903;0;7;112;;false;;0
1904;0;7;113;;false;;0
1905;0;7;114;;false;;0
1906;0;7;115;;false;;0
1907;0;7;116;;false;;0
1908;0;7;117;;false;;0
1909;0;7;118;;false;;0
1910;0;7;119;;false;;0
1911;0;7;120;;false;;0
1912;0;7;121;;false;;0
1913;0;7;122;;false;;0
1914;0;7;123;;false;;0
1915;0;7;124;;false;;0
1916;0;7;125;;false;;0
1917;0;7;126;;false;;0
1918;0;7;127;;false;;0
1919;0;7;128;;false;;0
1920;0;7;129;;false;;0
1921;0;7;130;;false;;0
1922;0;7;131;;false;;0
1923;0;7;132;;false;;0
1924;0;7;133;;false;;0
1925;0;7;134;;false;;0
1926;0;7;135;;false;;0
1927;0;7;136;;false;;0
1928;0;7;137;;false;;0
1929;0;7;138;;false;;0
1930;0;7;139;;false;;0
1931;0;7;140;;false;;0
1932;0;7;141;;false;;0
1933;0;7;142;;false;;0
1934;0;7;143;;false;;0
1935;0;7;144;;false;;0
1936;0;7;145;;false;;0
1937;0;7;146;;false;;0
1938;0;7;147;;false;;0
1939;0;7;148;;false;;0
1940;0;7;149;;false;;0
1941;0;7;150;;false;;0
1942;0;7;151;;false;;0
1943;0;7;152;;false;;0
1944;0;7;153;;false;;0
1945;0;7;154;;false;;0
1946;0;7;155;;false;;0
1947;0;7;156;;false;;0
1948;0;7;157;;false;;0
1949;0;7;158;;false;;0
1950;0;7;159;;false;;0
1951;0;7;160;;false;;0
1952;0;7;161;;false;;0
1953;0;7;162;;false;;0
1954;0;7;163;;false;;0
1955;0;7;164;;false;;0
1956;0;7;165;;false;;0
1957;0;7;166;;false;;0
1958;0;7;167;;false;;0
1959;0;7;168;;false;;0
1960;0;7;169;;false;;0
1961;0;7;170;;false;;0
1962;0;7;171;;false;;0
1963;0;7;172;;false;;0
1964;0;7;173;;false;;0
1965;0;7;174;;false;;0
1966;0;7;175;;false;;0
1967;0;7;176;;false;;0
1968;0;7;177;;false;;0
1969;0;7;178;;false;;0
1970;0;7;179;;false;;0
1971;0;7;180;;false;;0
1972;0;7;181;;false;;0
1973;0;7;182;;false;;0
1974;0;7;183;;false;;0
1975;0;7;184;;false;;0
1976;0;7;185;;false;;0
1977;0;7;186;;false;;0
1978;0;7;187;;false;;0
1979;0;7;188;;false;;0
1980;0;7;189;;false;;0
1981;0;7;190;;false;;0
1982;0;7;191;;false;;0
1983;0;7;192;;false;;0
1984;0;7;193;;false;;0
1985;0;7;194;;false;;0
1986;0;7;195;;false;;0
1987;0;7;196;;false;;0
1988;0;7;197;;false;;0
1989;0;7;198;;false;;0
1990;0;7;199;;false;;0
1991;0;7;200;;false;;0
1992;0;7;201;;false;;0
1993;0;7;202;;false;;0
1994;0;7;203;;false;;0
1995;0;7;204;;false;;0
1996;0;7;205;;false;;0
1997;0;7;206;;false;;0
1998;0;7;207;;false;;0
1999;0;7;208;;false;;0
2000;0;7;209;;false;;0
2001;0;7;210;;false;;0
2002;0;7;211;;false;;0
2003;0;7;212;;false;;0
2004;0;7;213;;false;;0
2005;0;7;214;;false;;0
2006;0;7;215;;false;;0
2007;0;7;216;;false;;0
2008;0;7;217;;false;;0
2009;0;7;218;;false;;0
2010;0;7;219;;false;;0
2011;0;7;220;;false;;0
2012;0;7;221;;false;;0
2013;0;7;222;;false;;0
2014;0;7;223;;false;;0
2015;0;7;224;;false;;0
2016;0;7;225;;false;;0
2017;0;7;226;;false;;0
2018;0;7;227;;false;;0
2019;0;7;228;;false;;0
2020;0;7;229;;false;;0
2021;0;7;230;;false;;0
2022;0;7;231;;false;;0
2023;0;7;232;;false;;0
2024;0;7;233;;false;;0
2025;0;7;234;;false;;0
2026;0;7;235;;false;;0
2027;0;7;236;;false;;0
2028;0;7;237;;false;;0
2029;0;7;238;;false;;0
2030;0;7;239;;false;;0
2031;0;7;240;;false;;0
2032;0;7;241;;false;;0
2033;0;7;242;;false;;0
2034;0;7;243;;false;;0
2035;0;7;244;;false;;0
2036;0;7;245;;false;;0
2037;0;7;246;;false;;0
2038;0;7;247;;false;;0
2039;0;7;248;;false;;0
2040;0;7;249;;false;;0
2041;0;7;250;;false;;0
2042;0;7;251;;false;;0
2043;0;7;252;;false;;0
2044;0;7;253;;false;;0
2045;0;7;254;;false;;0
2046;0;7;255;;false;;0
2047;0;8;0;;false;;0
2048;0;8;1;;false;;0
2049;0;8;2;;false;;0
2050;0;8;3;;false;;0
2051;0;8;4;;false;;0
2052;0;8;5;;false;;0
2053;0;8;6;;false;;0
2054;0;8;7;;false;;0
2055;0;8;8;;false;;0
2056;0;8;9;;false;;0
2057;0;8;10;;false;;0
2058;0;8;11;;false;;0
2059;0;8;12;;false;;0
2060;0;8;13;;false;;0
2061;0;8;14;;false;;0
2062;0;8;15;;false;;0
2063;0;8;16;;false;;0
2064;0;8;17;;false;;0
2065;0;8;18;;false;;0
2066;0;8;19;;false;;0
2067;0;8;20;;false;;0
2068;0;8;21;;false;;0
2069;0;8;22;;false;;0
2070;0;8;23;;false;;0
2071;0;8;24;;false;;0
2072;0;8;25;;false;;0
2073;0;8;26;;false;;0
2074;0;8;27;;false;;0
2075;0;8;28;;false;;0
2076;0;8;29;;false;;0
2077;0;8;30;;false;;0
2078;0;8;31;;false;;0
2079;0;8;32;;false;;0
2080;0;8;33;;false;;0
2081;0;8;34;;false;;0
2082;0;8;35;;false;;0
2083;0;8;36;;false;;0
2084;0;8;37;sea;false;;0
2085;0;8;38;sea;false;;0
2086;0;8;39;sea;false;;0
2087;0;8;40;sea;false;;0
2088;0;8;41;sea;false;;0
2089;0;8;42;sea;false;;0
2090;0;8;43;sea;false;;0
2091;0;8;44;sea;false;;0
2092;0;8;45;sea;false;;0
2093;0;8;46;sea;false;;0
2094;0;8;47;sea;false;;0
2095;0;8;48;sea;false;;0
2096;0;8;49;sea;false;;0
2097;0;8;50;sea;false;;0
2098;0;8;51;sea;false;;0
2099;0;8;52;sea;false;;0
2100;0;8;53;sea;false;;0
2101;0;8;54;sea;false;;0
2102;0;8;55;sea;false;;0
2103;0;8;56;sea;false;;0
2104;0;8;57;sea;false;;0
2105;0;8;58;sea;false;;0
2106;0;8;59;;false;;0
2107;0;8;60;;false;;0
2108;0;8;61;;false;;0
2109;0;8;62;;false;;0
2110;0;8;63;;false;;0
2111;0;8;64;;false;;0
2112;0;8;65;;false;;0
2113;0;8;66;;false;;0
2114;0;8;67;;false;;0
2115;0;8;68;;false;;0
2116;0;8;69;;false;;0
2117;0;8;70;;false;;0
2118;0;8;71;;false;;0
2119;0;8;72;;false;;0
2120;0;8;73;;false;;0
2121;0;8;74;;false;;0
2122;0;8;75;;false;;0
2123;0;8;76;;false;;0
2124;0;8;77;;false;;0
2125;0;8;78;;false;;0
2126;0;8;79;;false;;0
2127;0;8;80;;false;;0
2128;0;8;81;;false;;0
2129;0;8;82;;false;;0
2130;0;8;83;;false;;0
2131;0;8;84;;false;;0
2132;0;8;85;;false;;0
2133;0;8;86;;false;;0
2134;0;8;87;;false;;0
2135;0;8;88;;false;;0
2136;0;8;89;;false;;0
2137;0;8;90;;false;;0
2138;0;8;91;;false;;0
2139;0;8;92;;false;;0
2140;0;8;93;;false;;0
2141;0;8;94;;false;;0
2142;0;8;95;;false;;0
2143;0;8;96;;false;;0
2144;0;8;97;;false;;0
2145;0;8;98;;false;;0
2146;0;8;99;;false;;0
2147;0;8;100;;false;;0
2148;0;8;101;;false;;0
2149;0;8;102;;false;;0
2150;0;8;103;;false;;0
2151;0;8;104;;false;;0
2152;0;8;105;;false;;0
2153;0;8;106;;false;;0
2154;0;8;107;;false;;0
2155;0;8;108;;false;;0
2156;0;8;109;;false;;0
2157;0;8;110;;false;;0
2158;0;8;111;;false;;0
2159;0;8;112;;false;;0
2160;0;8;113;;false;;0
2161;0;8;114;;false;;0
2162;0;8;115;;false;;0
2163;0;8;116;;false;;0
2164;0;8;117;;false;;0
2165;0;8;118;;false;;0
2166;0;8;119;;false;;0
2167;0;8;120;;false;;0
2168;0;8;121;;false;;0
2169;0;8;122;;false;;0
2170;0;8;123;;false;;0
2171;0;8;124;;false;;0
2172;0;8;125;;false;;0
2173;0;8;126;;false;;0
2174;0;8;127;;false;;0
2175;0;8;128;;false;;0
2176;0;8;129;;false;;0
2177;0;8;130;;false;;0
2178;0;8;131;;false;;0
2179;0;8;132;;false;;0
2180;0;8;133;;false;;0
2181;0;8;134;;false;;0
2182;0;8;135;;false;;0
2183;0;8;136;;false;;0
2184;0;8;137;;false;;0
2185;0;8;138;;false;;0
2186;0;8;139;;false;;0
2187;0;8;140;;false;;0
2188;0;8;141;;false;;0
2189;0;8;142;;false;;0
2190;0;8;143;;false;;0
2191;0;8;144;;false;;0
2192;0;8;145;;false;;0
2193;0;8;146;;false;;0
2194;0;8;147;;false;;0
2195;0;8;148;;false;;0
2196;0;8;149;;false;;0
2197;0;8;150;;false;;0
2198;0;8;151;;false;;0
2199;0;8;152;;false;;0
2200;0;8;153;;false;;0
2201;0;8;154;;false;;0
2202;0;8;155;;false;;0
2203;0;8;156;;false;;0
2204;0;8;157;;false;;0
2205;0;8;158;;false;;0
2206;0;8;159;;false;;0
2207;0;8;160;;false;;0
2208;0;8;161;;false;;0
2209;0;8;162;;false;;0
2210;0;8;163;;false;;0
2211;0;8;164;;false;;0
2212;0;8;165;;false;;0
2213;0;8;166;;false;;0
2214;0;8;167;;false;;0
2215;0;8;168;;false;;0
2216;0;8;169;;false;;0
2217;0;8;170;;false;;0
2218;0;8;171;;false;;0
2219;0;8;172;;false;;0
2220;0;8;173;;false;;0
2221;0;8;174;;false;;0
2222;0;8;175;;false;;0
2223;0;8;176;;false;;0
2224;0;8;177;;false;;0
2225;0;8;178;;false;;0
2226;0;8;179;;false;;0
2227;0;8;180;;false;;0
2228;0;8;181;;false;;0
2229;0;8;182;;false;;0
2230;0;8;183;;false;;0
2231;0;8;184;;false;;0
2232;0;8;185;;false;;0
2233;0;8;186;;false;;0
2234;0;8;187;;false;;0
2235;0;8;188;;false;;0
2236;0;8;189;;false;;0
2237;0;8;190;;false;;0
2238;0;8;191;;false;;0
2239;0;8;192;;false;;0
2240;0;8;193;;false;;0
2241;0;8;194;;false;;0
2242;0;8;195;;false;;0
2243;0;8;196;;false;;0
2244;0;8;197;;false;;0
2245;0;8;198;;false;;0
2246;0;8;199;;false;;0
2247;0;8;200;;false;;0
2248;0;8;201;;false;;0
2249;0;8;202;;false;;0
2250;0;8;203;;false;;0
2251;0;8;204;;false;;0
2252;0;8;205;;false;;0
2253;0;8;206;;false;;0
2254;0;8;207;;false;;0
2255;0;8;208;;false;;0
2256;0;8;209;;false;;0
2257;0;8;210;;false;;0
2258;0;8;211;;false;;0
2259;0;8;212;;false;;0
2260;0;8;213;;false;;0
2261;0;8;214;;false;;0
2262;0;8;215;;false;;0
2263;0;8;216;;false;;0
2264;0;8;217;;false;;0
2265;0;8;218;;false;;0
2266;0;8;219;;false;;0
2267;0;8;220;;false;;0
2268;0;8;221;;false;;0
2269;0;8;222;;false;;0
2270;0;8;223;;false;;0
2271;0;8;224;;false;;0
2272;0;8;225;;false;;0
2273;0;8;226;;false;;0
2274;0;8;227;;false;;0
2275;0;8;228;;false;;0
2276;0;8;229;;false;;0
2277;0;8;230;;false;;0
2278;0;8;231;;false;;0
2279;0;8;232;;false;;0
2280;0;8;233;;false;;0
2281;0;8;234;;false;;0
2282;0;8;235;;false;;0
2283;0;8;236;;false;;0
2284;0;8;237;;false;;0
2285;0;8;238;;false;;0
2286;0;8;239;;false;;0
2287;0;8;240;;false;;0
2288;0;8;241;;false;;0
2289;0;8;242;;false;;0
2290;0;8;243;;false;;0
2291;0;8;244;;false;;0
2292;0;8;245;;false;;0
2293;0;8;246;;false;;0
2294;0;8;247;;false;;0
2295;0;8;248;;false;;0
2296;0;8;249;;false;;0
2297;0;8;250;;false;;0
2298;0;8;251;;false;;0
2299;0;8;252;;false;;0
2300;0;8;253;;false;;0
2301;0;8;254;;false;;0
2302;0;8;255;;false;;0
2303;0;9;0;;false;;0
2304;0;9;1;;false;;0
2305;0;9;2;;false;;0
2306;0;9;3;;false;;0
2307;0;9;4;;false;;0
2308;0;9;5;;false;;0
2309;0;9;6;;false;;0
2310;0;9;7;;false;;0
2311;0;9;8;;false;;0
2312;0;9;9;;false;;0
2313;0;9;10;;false;;0
2314;0;9;11;;false;;0
2315;0;9;12;;false;;0
2316;0;9;13;;false;;0
2317;0;9;14;;false;;0
2318;0;9;15;;false;;0
2319;0;9;16;;false;;0
2320;0;9;17;;false;;0
2321;0;9;18;;false;;0
2322;0;9;19;;false;;0
2323;0;9;20;;false;;0
2324;0;9;21;;false;;0
2325;0;9;22;;false;;0
2326;0;9;23;;false;;0
2327;0;9;24;;false;;0
2328;0;9;25;;false;;0
2329;0;9;26;;false;;0
2330;0;9;27;;false;;0
2331;0;9;28;;false;;0
2332;0;9;29;;false;;0
2333;0;9;30;;false;;0
2334;0;9;31;;false;;0
2335;0;9;32;;false;;0
2336;0;9;33;;false;;0
2337;0;9;34;;false;;0
2338;0;9;35;;false;;0
2339;0;9;36;;false;;0
2340;0;9;37;;false;;0
2341;0;9;38;;false;;0
2342;0;9;39;;false;;0
2343;0;9;40;;false;;0
2344;0;9;41;;false;;0
2345;0;9;42;;false;;0
2346;0;9;43;;false;;0
2347;0;9;44;;false;;0
2348;0;9;45;;false;;0
2349;0;9;46;;false;;0
2350;0;9;47;;false;;0
2351;0;9;48;;false;;0
2352;0;9;49;;false;;0
2353;0;9;50;;false;;0
2354;0;9;51;;false;;0
2355;0;9;52;;false;;0
2356;0;9;53;;false;;0
2357;0;9;54;;false;;0
2358;0;9;55;;false;;0
2359;0;9;56;;false;;0
2360;0;9;57;;false;;0
2361;0;9;58;;false;;0
2362;0;9;59;;false;;0
2363;0;9;60;;false;;0
2364;0;9;61;;false;;0
2365;0;9;62;;false;;0
2366;0;9;63;;false;;0
2367;0;9;64;;false;;0
2368;0;9;65;;false;;0
2369;0;9;66;;false;;0
2370;0;9;67;;false;;0
2371;0;9;68;;false;;0
2372;0;9;69;;false;;0
2373;0;9;70;;false;;0
2374;0;9;71;;false;;0
2375;0;9;72;;false;;0
2376;0;9;73;;false;;0
2377;0;9;74;;false;;0
2378;0;9;75;;false;;0
2379;0;9;76;;false;;0
2380;0;9;77;;false;;0
2381;0;9;78;;false;;0
2382;0;9;79;;false;;0
2383;0;9;80;;false;;0
2384;0;9;81;;false;;0
2385;0;9;82;;false;;0
2386;0;9;83;;false;;0
2387;0;9;84;;false;;0
2388;0;9;85;;false;;0
2389;0;9;86;;false;;0
2390;0;9;87;;false;;0
2391;0;9;88;;false;;0
2392;0;9;89;;false;;0
2393;0;9;90;;false;;0
2394;0;9;91;;false;;0
2395;0;9;92;;false;;0
2396;0;9;93;;false;;0
2397;0;9;94;;false;;0
2398;0;9;95;;false;;0
2399;0;9;96;;false;;0
2400;0;9;97;;false;;0
2401;0;9;98;;false;;0
2402;0;9;99;;false;;0
2403;0;9;100;;false;;0
2404;0;9;101;;false;;0
2405;0;9;102;;false;;0
2406;0;9;103;;false;;0
2407;0;9;104;;false;;0
2408;0;9;105;;false;;0
2409;0;9;106;;false;;0
2410;0;9;107;;false;;0
2411;0;9;108;;false;;0
2412;0;9;109;;false;;0
2413;0;9;110;;false;;0
2414;0;9;111;;false;;0
2415;0;9;112;;false;;0
2416;0;9;113;;false;;0
2417;0;9;114;;false;;0
2418;0;9;115;;false;;0
2419;0;9;116;;false;;0
2420;0;9;117;;false;;0
2421;0;9;118;;false;;0
2422;0;9;119;;false;;0
2423;0;9;120;;false;;0
2424;0;9;121;;false;;0
2425;0;9;122;;false;;0
2426;0;9;123;;false;;0
2427;0;9;124;;false;;0
2428;0;9;125;;false;;0
2429;0;9;126;;false;;0
2430;0;9;127;;false;;0
2431;0;9;128;;false;;0
2432;0;9;129;;false;;0
2433;0;9;130;;false;;0
2434;0;9;131;;false;;0
2435;0;9;132;;false;;0
2436;0;9;133;;false;;0
2437;0;9;134;;false;;0
2438;0;9;135;;false;;0
2439;0;9;136;;false;;0
2440;0;9;137;;false;;0
2441;0;9;138;;false;;0
2442;0;9;139;;false;;0
2443;0;9;140;;false;;0
2444;0;9;141;;false;;0
2445;0;9;142;;false;;0
2446;0;9;143;;false;;0
2447;0;9;144;;false;;0
2448;0;9;145;;false;;0
2449;0;9;146;;false;;0
2450;0;9;147;;false;;0
2451;0;9;148;;false;;0
2452;0;9;149;;false;;0
2453;0;9;150;;false;;0
2454;0;9;151;;false;;0
2455;0;9;152;;false;;0
2456;0;9;153;;false;;0
2457;0;9;154;;false;;0
2458;0;9;155;;false;;0
2459;0;9;156;;false;;0
2460;0;9;157;;false;;0
2461;0;9;158;;false;;0
2462;0;9;159;;false;;0
2463;0;9;160;;false;;0
2464;0;9;161;;false;;0
2465;0;9;162;;false;;0
2466;0;9;163;;false;;0
2467;0;9;164;;false;;0
2468;0;9;165;;false;;0
2469;0;9;166;;false;;0
2470;0;9;167;;false;;0
2471;0;9;168;;false;;0
2472;0;9;169;;false;;0
2473;0;9;170;;false;;0
2474;0;9;171;;false;;0
2475;0;9;172;;false;;0
2476;0;9;173;;false;;0
2477;0;9;174;;false;;0
2478;0;9;175;;false;;0
2479;0;9;176;;false;;0
2480;0;9;177;;false;;0
2481;0;9;178;;false;;0
2482;0;9;179;;false;;0
2483;0;9;180;;false;;0
2484;0;9;181;;false;;0
2485;0;9;182;;false;;0
2486;0;9;183;;false;;0
2487;0;9;184;;false;;0
2488;0;9;185;;false;;0
2489;0;9;186;;false;;0
2490;0;9;187;;false;;0
2491;0;9;188;;false;;0
2492;0;9;189;;false;;0
2493;0;9;190;;false;;0
2494;0;9;191;;false;;0
2495;0;9;192;;false;;0
2496;0;9;193;;false;;0
2497;0;9;194;;false;;0
2498;0;9;195;;false;;0
2499;0;9;196;;false;;0
2500;0;9;197;;false;;0
2501;0;9;198;;false;;0
2502;0;9;199;;false;;0
2503;0;9;200;;false;;0
2504;0;9;201;;false;;0
2505;0;9;202;;false;;0
2506;0;9;203;;false;;0
2507;0;9;204;;false;;0
2508;0;9;205;;false;;0
2509;0;9;206;;false;;0
2510;0;9;207;;false;;0
2511;0;9;208;;false;;0
2512;0;9;209;;false;;0
2513;0;9;210;;false;;0
2514;0;9;211;;false;;0
2515;0;9;212;;false;;0
2516;0;9;213;;false;;0
2517;0;9;214;;false;;0
2518;0;9;215;;false;;0
2519;0;9;216;;false;;0
2520;0;9;217;;false;;0
2521;0;9;218;;false;;0
2522;0;9;219;;false;;0
2523;0;9;220;;false;;0
2524;0;9;221;;false;;0
2525;0;9;222;;false;;0
2526;0;9;223;;false;;0
2527;0;9;224;;false;;0
2528;0;9;225;;false;;0
2529;0;9;226;;false;;0
2530;0;9;227;;false;;0
2531;0;9;228;;false;;0
2532;0;9;229;;false;;0
2533;0;9;230;;false;;0
2534;0;9;231;;false;;0
2535;0;9;232;;false;;0
2536;0;9;233;;false;;0
2537;0;9;234;;false;;0
2538;0;9;235;;false;;0
2539;0;9;236;;false;;0
2540;0;9;237;;false;;0
2541;0;9;238;;false;;0
2542;0;9;239;;false;;0
2543;0;9;240;;false;;0
2544;0;9;241;;false;;0
2545;0;9;242;;false;;0
2546;0;9;243;;false;;0
2547;0;9;244;;false;;0
2548;0;9;245;;false;;0
2549;0;9;246;;false;;0
2550;0;9;247;;false;;0
2551;0;9;248;;false;;0
2552;0;9;249;;false;;0
2553;0;9;250;;false;;0
2554;0;9;251;;false;;0
2555;0;9;252;;false;;0
2556;0;9;253;;false;;0
2557;0;9;254;;false;;0
2558;0;9;255;;false;;0
2559;0;10;0;;false;;0
2560;0;10;1;;false;;0
2561;0;10;2;;false;;0
2562;0;10;3;;false;;0
2563;0;10;4;;false;;0
2564;0;10;5;;false;;0
2565;0;10;6;;false;;0
2566;0;10;7;;false;;0
2567;0;10;8;;false;;0
2568;0;10;9;;false;;0
2569;0;10;10;;false;;0
2570;0;10;11;;false;;0
2571;0;10;12;;false;;0
2572;0;10;13;;false;;0
2573;0;10;14;;false;;0
2574;0;10;15;;false;;0
2575;0;10;16;;false;;0
2576;0;10;17;;false;;0
2577;0;10;18;;false;;0
2578;0;10;19;;false;;0
2579;0;10;20;;false;;0
2580;0;10;21;;false;;0
2581;0;10;22;;false;;0
2582;0;10;23;;false;;0
2583;0;10;24;;false;;0
2584;0;10;25;;false;;0
2585;0;10;26;;false;;0
2586;0;10;27;;false;;0
2587;0;10;28;;false;;0
2588;0;10;29;;false;;0
2589;0;10;30;;false;;0
2590;0;10;31;;false;;0
2591;0;10;32;;false;;0
2592;0;10;33;;false;;0
2593;0;10;34;;false;;0
2594;0;10;35;;false;;0
2595;0;10;36;;false;;0
2596;0;10;37;;false;;0
2597;0;10;38;;false;;0
2598;0;10;39;;false;;0
2599;0;10;40;;false;;0
2600;0;10;41;;false;;0
2601;0;10;42;;false;;0
2602;0;10;43;;false;;0
2603;0;10;44;;false;;0
2604;0;10;45;;false;;0
2605;0;10;46;;false;;0
2606;0;10;47;;false;;0
2607;0;10;48;;false;;0
2608;0;10;49;;false;;0
2609;0;10;50;;false;;0
2610;0;10;51;;false;;0
2611;0;10;52;;false;;0
2612;0;10;53;;false;;0
2613;0;10;54;;false;;0
2614;0;10;55;;false;;0
2615;0;10;56;;false;;0
2616;0;10;57;;false;;0
2617;0;10;58;;false;;0
2618;0;10;59;;false;;0
2619;0;10;60;;false;;0
2620;0;10;61;;false;;0
2621;0;10;62;;false;;0
2622;0;10;63;;false;;0
2623;0;10;64;;false;;0
2624;0;10;65;;false;;0
2625;0;10;66;;false;;0
2626;0;10;67;;false;;0
2627;0;10;68;;false;;0
2628;0;10;69;;false;;0
2629;0;10;70;;false;;0
2630;0;10;71;;false;;0
2631;0;10;72;;false;;0
2632;0;10;73;;false;;0
2633;0;10;74;;false;;0
2634;0;10;75;;false;;0
2635;0;10;76;;false;;0
2636;0;10;77;;false;;0
2637;0;10;78;;false;;0
2638;0;10;79;;false;;0
2639;0;10;80;;false;;0
2640;0;10;81;;false;;0
2641;0;10;82;;false;;0
2642;0;10;83;;false;;0
2643;0;10;84;;false;;0
2644;0;10;85;;false;;0
2645;0;10;86;;false;;0
2646;0;10;87;;false;;0
2647;0;10;88;;false;;0
2648;0;10;89;;false;;0
2649;0;10;90;;false;;0
2650;0;10;91;;false;;0
2651;0;10;92;;false;;0
2652;0;10;93;;false;;0
2653;0;10;94;;false;;0
2654;0;10;95;;false;;0
2655;0;10;96;;false;;0
2656;0;10;97;;false;;0
2657;0;10;98;;false;;0
2658;0;10;99;;false;;0
2659;0;10;100;;false;;0
2660;0;10;101;;false;;0
2661;0;10;102;;false;;0
2662;0;10;103;;false;;0
2663;0;10;104;;false;;0
2664;0;10;105;;false;;0
2665;0;10;106;;false;;0
2666;0;10;107;;false;;0
2667;0;10;108;;false;;0
2668;0;10;109;;false;;0
2669;0;10;110;;false;;0
2670;0;10;111;;false;;0
2671;0;10;112;;false;;0
2672;0;10;113;;false;;0
2673;0;10;114;;false;;0
2674;0;10;115;;false;;0
2675;0;10;116;;false;;0
2676;0;10;117;;false;;0
2677;0;10;118;;false;;0
2678;0;10;119;;false;;0
2679;0;10;120;;false;;0
2680;0;10;121;;false;;0
2681;0;10;122;;false;;0
2682;0;10;123;;false;;0
2683;0;10;124;;false;;0
2684;0;10;125;;false;;0
2685;0;10;126;;false;;0
2686;0;10;127;;false;;0
2687;0;10;128;;false;;0
2688;0;10;129;;false;;0
2689;0;10;130;;false;;0
2690;0;10;131;;false;;0
2691;0;10;132;;false;;0
2692;0;10;133;;false;;0
2693;0;10;134;;false;;0
2694;0;10;135;;false;;0
2695;0;10;136;;false;;0
2696;0;10;137;;false;;0
2697;0;10;138;;false;;0
2698;0;10;139;;false;;0
2699;0;10;140;;false;;0
2700;0;10;141;;false;;0
2701;0;10;142;;false;;0
2702;0;10;143;;false;;0
2703;0;10;144;;false;;0
2704;0;10;145;;false;;0
2705;0;10;146;;false;;0
2706;0;10;147;;false;;0
2707;0;10;148;;false;;0
2708;0;10;149;;false;;0
2709;0;10;150;;false;;0
2710;0;10;151;;false;;0
2711;0;10;152;;false;;0
2712;0;10;153;;false;;0
2713;0;10;154;;false;;0
2714;0;10;155;;false;;0
2715;0;10;156;;false;;0
2716;0;10;157;;false;;0
2717;0;10;158;;false;;0
2718;0;10;159;;false;;0
2719;0;10;160;;false;;0
2720;0;10;161;;false;;0
2721;0;10;162;;false;;0
2722;0;10;163;;false;;0
2723;0;10;164;;false;;0
2724;0;10;165;;false;;0
2725;0;10;166;;false;;0
2726;0;10;167;;false;;0
2727;0;10;168;;false;;0
2728;0;10;169;;false;;0
2729;0;10;170;;false;;0
2730;0;10;171;;false;;0
2731;0;10;172;;false;;0
2732;0;10;173;;false;;0
2733;0;10;174;;false;;0
2734;0;10;175;;false;;0
2735;0;10;176;;false;;0
2736;0;10;177;;false;;0
2737;0;10;178;;false;;0
2738;0;10;179;;false;;0
2739;0;10;180;;false;;0
2740;0;10;181;;false;;0
2741;0;10;182;;false;;0
2742;0;10;183;;false;;0
2743;0;10;184;;false;;0
2744;0;10;185;;false;;0
2745;0;10;186;;false;;0
2746;0;10;187;;false;;0
2747;0;10;188;;false;;0
2748;0;10;189;;false;;0
2749;0;10;190;;false;;0
2750;0;10;191;;false;;0
2751;0;10;192;;false;;0
2752;0;10;193;;false;;0
2753;0;10;194;;false;;0
2754;0;10;195;;false;;0
2755;0;10;196;;false;;0
2756;0;10;197;;false;;0
2757;0;10;198;;false;;0
2758;0;10;199;;false;;0
2759;0;10;200;;false;;0
2760;0;10;201;;false;;0
2761;0;10;202;;false;;0
2762;0;10;203;;false;;0
2763;0;10;204;;false;;0
2764;0;10;205;;false;;0
2765;0;10;206;;false;;0
2766;0;10;207;;false;;0
2767;0;10;208;;false;;0
2768;0;10;209;;false;;0
2769;0;10;210;;false;;0
2770;0;10;211;;false;;0
2771;0;10;212;;false;;0
2772;0;10;213;;false;;0
2773;0;10;214;;false;;0
2774;0;10;215;;false;;0
2775;0;10;216;;false;;0
2776;0;10;217;;false;;0
2777;0;10;218;;false;;0
2778;0;10;219;;false;;0
2779;0;10;220;;false;;0
2780;0;10;221;;false;;0
2781;0;10;222;;false;;0
2782;0;10;223;;false;;0
2783;0;10;224;;false;;0
2784;0;10;225;;false;;0
2785;0;10;226;;false;;0
2786;0;10;227;;false;;0
2787;0;10;228;;false;;0
2788;0;10;229;;false;;0
2789;0;10;230;;false;;0
2790;0;10;231;;false;;0
2791;0;10;232;;false;;0
2792;0;10;233;;false;;0
2793;0;10;234;;false;;0
2794;0;10;235;;false;;0
2795;0;10;236;;false;;0
2796;0;10;237;;false;;0
2797;0;10;238;;false;;0
2798;0;10;239;;false;;0
2799;0;10;240;;false;;0
2800;0;10;241;;false;;0
2801;0;10;242;;false;;0
2802;0;10;243;;false;;0
2803;0;10;244;;false;;0
2804;0;10;245;;false;;0
2805;0;10;246;;false;;0
2806;0;10;247;;false;;0
2807;0;10;248;;false;;0
2808;0;10;249;;false;;0
2809;0;10;250;;false;;0
2810;0;10;251;;false;;0
2811;0;10;252;;false;;0
2812;0;10;253;;false;;0
2813;0;10;254;;false;;0
2814;0;10;255;;false;;0
2815;0;11;0;;false;;0
2816;0;11;1;;false;;0
2817;0;11;2;;false;;0
2818;0;11;3;;false;;0
2819;0;11;4;;false;;0
2820;0;11;5;;false;;0
2821;0;11;6;;false;;0
2822;0;11;7;;false;;0
2823;0;11;8;;false;;0
2824;0;11;9;;false;;0
2825;0;11;10;;false;;0
2826;0;11;11;;false;;0
2827;0;11;12;;false;;0
2828;0;11;13;;false;;0
2829;0;11;14;;false;;0
2830;0;11;15;;false;;0
2831;0;11;16;;false;;0
2832;0;11;17;;false;;0
2833;0;11;18;;false;;0
2834;0;11;19;;false;;0
2835;0;11;20;;false;;0
2836;0;11;21;;false;;0
2837;0;11;22;;false;;0
2838;0;11;23;;false;;0
2839;0;11;24;;false;;0
2840;0;11;25;;false;;0
2841;0;11;26;;false;;0
2842;0;11;27;;false;;0
2843;0;11;28;;false;;0
2844;0;11;29;;false;;0
2845;0;11;30;;false;;0
2846;0;11;31;;false;;0
2847;0;11;32;;false;;0
2848;0;11;33;;false;;0
2849;0;11;34;;false;;0
2850;0;11;35;;false;;0
2851;0;11;36;;false;;0
2852;0;11;37;;false;;0
2853;0;11;38;;false;;0
2854;0;11;39;;false;;0
2855;0;11;40;;false;;0
2856;0;11;41;;false;;0
2857;0;11;42;;false;;0
2858;0;11;43;;false;;0
2859;0;11;44;;false;;0
2860;0;11;45;;false;;0
2861;0;11;46;;false;;0
2862;0;11;47;;false;;0
2863;0;11;48;;false;;0
2864;0;11;49;;false;;0
2865;0;11;50;;false;;0
2866;0;11;51;;false;;0
2867;0;11;52;;false;;0
2868;0;11;53;;false;;0
2869;0;11;54;;false;;0
2870;0;11;55;;false;;0
2871;0;11;56;;false;;0
2872;0;11;57;;false;;0
2873;0;11;58;;false;;0
2874;0;11;59;;false;;0
2875;0;11;60;;false;;0
2876;0;11;61;;false;;0
2877;0;11;62;;false;;0
2878;0;11;63;;false;;0
2879;0;11;64;;false;;0
2880;0;11;65;;false;;0
2881;0;11;66;;false;;0
2882;0;11;67;;false;;0
2883;0;11;68;;false;;0
2884;0;11;69;;false;;0
2885;0;11;70;;false;;0
2886;0;11;71;;false;;0
2887;0;11;72;;false;;0
2888;0;11;73;;false;;0
2889;0;11;74;;false;;0
2890;0;11;75;;false;;0
2891;0;11;76;;false;;0
2892;0;11;77;;false;;0
2893;0;11;78;;false;;0
2894;0;11;79;;false;;0
2895;0;11;80;;false;;0
2896;0;11;81;;false;;0
2897;0;11;82;;false;;0
2898;0;11;83;;false;;0
2899;0;11;84;;false;;0
2900;0;11;85;;false;;0
2901;0;11;86;;false;;0
2902;0;11;87;;false;;0
2903;0;11;88;;false;;0
2904;0;11;89;;false;;0
2905;0;11;90;;false;;0
2906;0;11;91;;false;;0
2907;0;11;92;;false;;0
2908;0;11;93;;false;;0
2909;0;11;94;;false;;0
2910;0;11;95;;false;;0
2911;0;11;96;;false;;0
2912;0;11;97;;false;;0
2913;0;11;98;;false;;0
2914;0;11;99;;false;;0
2915;0;11;100;;false;;0
2916;0;11;101;;false;;0
2917;0;11;102;;false;;0
2918;0;11;103;;false;;0
2919;0;11;104;;false;;0
2920;0;11;105;;false;;0
2921;0;11;106;;false;;0
2922;0;11;107;;false;;0
2923;0;11;108;;false;;0
2924;0;11;109;;false;;0
2925;0;11;110;;false;;0
2926;0;11;111;;false;;0
2927;0;11;112;;false;;0
2928;0;11;113;;false;;0
2929;0;11;114;;false;;0
2930;0;11;115;;false;;0
2931;0;11;116;;false;;0
2932;0;11;117;;false;;0
2933;0;11;118;;false;;0
2934;0;11;119;;false;;0
2935;0;11;120;;false;;0
2936;0;11;121;;false;;0
2937;0;11;122;;false;;0
2938;0;11;123;;false;;0
2939;0;11;124;;false;;0
2940;0;11;125;;false;;0
2941;0;11;126;;false;;0
2942;0;11;127;;false;;0
2943;0;11;128;;false;;0
2944;0;11;129;;false;;0
2945;0;11;130;;false;;0
2946;0;11;131;;false;;0
2947;0;11;132;;false;;0
2948;0;11;133;;false;;0
2949;0;11;134;;false;;0
2950;0;11;135;;false;;0
2951;0;11;136;;false;;0
2952;0;11;137;;false;;0
2953;0;11;138;;false;;0
2954;0;11;139;;false;;0
2955;0;11;140;;false;;0
2956;0;11;141;;false;;0
2957;0;11;142;;false;;0
2958;0;11;143;;false;;0
2959;0;11;144;;false;;0
2960;0;11;145;;false;;0
2961;0;11;146;;false;;0
2962;0;11;147;;false;;0
2963;0;11;148;;false;;0
2964;0;11;149;;false;;0
2965;0;11;150;;false;;0
2966;0;11;151;;false;;0
2967;0;11;152;;false;;0
2968;0;11;153;;false;;0
2969;0;11;154;;false;;0
2970;0;11;155;;false;;0
2971;0;11;156;;false;;0
2972;0;11;157;;false;;0
2973;0;11;158;;false;;0
2974;0;11;159;;false;;0
2975;0;11;160;;false;;0
2976;0;11;161;;false;;0
2977;0;11;162;;false;;0
2978;0;11;163;;false;;0
2979;0;11;164;;false;;0
2980;0;11;165;;false;;0
2981;0;11;166;;false;;0
2982;0;11;167;;false;;0
2983;0;11;168;;false;;0
2984;0;11;169;;false;;0
2985;0;11;170;;false;;0
2986;0;11;171;;false;;0
2987;0;11;172;;false;;0
2988;0;11;173;;false;;0
2989;0;11;174;;false;;0
2990;0;11;175;;false;;0
2991;0;11;176;;false;;0
2992;0;11;177;;false;;0
2993;0;11;178;;false;;0
2994;0;11;179;;false;;0
2995;0;11;180;;false;;0
2996;0;11;181;;false;;0
2997;0;11;182;;false;;0
2998;0;11;183;;false;;0
2999;0;11;184;;false;;0
3000;0;11;185;;false;;0
3001;0;11;186;;false;;0
3002;0;11;187;;false;;0
3003;0;11;188;;false;;0
3004;0;11;189;;false;;0
3005;0;11;190;;false;;0
3006;0;11;191;;false;;0
3007;0;11;192;;false;;0
3008;0;11;193;;false;;0
3009;0;11;194;;false;;0
3010;0;11;195;;false;;0
3011;0;11;196;;false;;0
3012;0;11;197;;false;;0
3013;0;11;198;;false;;0
3014;0;11;199;;false;;0
3015;0;11;200;;false;;0
3016;0;11;201;;false;;0
3017;0;11;202;;false;;0
3018;0;11;203;;false;;0
3019;0;11;204;;false;;0
3020;0;11;205;;false;;0
3021;0;11;206;;false;;0
3022;0;11;207;;false;;0
3023;0;11;208;;false;;0
3024;0;11;209;;false;;0
3025;0;11;210;;false;;0
3026;0;11;211;;false;;0
3027;0;11;212;;false;;0
3028;0;11;213;;false;;0
3029;0;11;214;;false;;0
3030;0;11;215;;false;;0
3031;0;11;216;;false;;0
3032;0;11;217;;false;;0
3033;0;11;218;;false;;0
3034;0;11;219;;false;;0
3035;0;11;220;;false;;0
3036;0;11;221;;false;;0
3037;0;11;222;;false;;0
3038;0;11;223;;false;;0
3039;0;11;224;;false;;0
3040;0;11;225;;false;;0
3041;0;11;226;;false;;0
3042;0;11;227;;false;;0
3043;0;11;228;;false;;0
3044;0;11;229;;false;;0
3045;0;11;230;;false;;0
3046;0;11;231;;false;;0
3047;0;11;232;;false;;0
3048;0;11;233;;false;;0
3049;0;11;234;;false;;0
3050;0;11;235;;false;;0
3051;0;11;236;;false;;0
3052;0;11;237;;false;;0
3053;0;11;238;;false;;0
3054;0;11;239;;false;;0
3055;0;11;240;;false;;0
3056;0;11;241;;false;;0
3057;0;11;242;;false;;0
3058;0;11;243;;false;;0
3059;0;11;244;;false;;0
3060;0;11;245;;false;;0
3061;0;11;246;;false;;0
3062;0;11;247;;false;;0
3063;0;11;248;;false;;0
3064;0;11;249;;false;;0
3065;0;11;250;;false;;0
3066;0;11;251;;false;;0
3067;0;11;252;;false;;0
3068;0;11;253;;false;;0
3069;0;11;254;;false;;0
3070;0;11;255;;false;;0
3071;0;12;0;;false;;0
3072;0;12;1;;false;;0
3073;0;12;2;;false;;0
3074;0;12;3;;false;;0
3075;0;12;4;;false;;0
3076;0;12;5;;false;;0
3077;0;12;6;;false;;0
3078;0;12;7;;false;;0
3079;0;12;8;;false;;0
3080;0;12;9;;false;;0
3081;0;12;10;;false;;0
3082;0;12;11;;false;;0
3083;0;12;12;;false;;0
3084;0;12;13;;false;;0
3085;0;12;14;;false;;0
3086;0;12;15;;false;;0
3087;0;12;16;;false;;0
3088;0;12;17;;false;;0
3089;0;12;18;;false;;0
3090;0;12;19;;false;;0
3091;0;12;20;;false;;0
3092;0;12;21;;false;;0
3093;0;12;22;;false;;0
3094;0;12;23;;false;;0
3095;0;12;24;;false;;0
3096;0;12;25;;false;;0
3097;0;12;26;;false;;0
3098;0;12;27;;false;;0
3099;0;12;28;;false;;0
3100;0;12;29;;false;;0
3101;0;12;30;;false;;0
3102;0;12;31;;false;;0
3103;0;12;32;;false;;0
3104;0;12;33;;false;;0
3105;0;12;34;;false;;0
3106;0;12;35;;false;;0
3107;0;12;36;;false;;0
3108;0;12;37;;false;;0
3109;0;12;38;;false;;0
3110;0;12;39;;false;;0
3111;0;12;40;;false;;0
3112;0;12;41;;false;;0
3113;0;12;42;;false;;0
3114;0;12;43;;false;;0
3115;0;12;44;;false;;0
3116;0;12;45;;false;;0
3117;0;12;46;;false;;0
3118;0;12;47;;false;;0
3119;0;12;48;;false;;0
3120;0;12;49;;false;;0
3121;0;12;50;;false;;0
3122;0;12;51;;false;;0
3123;0;12;52;;false;;0
3124;0;12;53;;false;;0
3125;0;12;54;;false;;0
3126;0;12;55;;false;;0
3127;0;12;56;;false;;0
3128;0;12;57;;false;;0
3129;0;12;58;;false;;0
3130;0;12;59;;false;;0
3131;0;12;60;;false;;0
3132;0;12;61;;false;;0
3133;0;12;62;;false;;0
3134;0;12;63;;false;;0
3135;0;12;64;;false;;0
3136;0;12;65;;false;;0
3137;0;12;66;;false;;0
3138;0;12;67;;false;;0
3139;0;12;68;;false;;0
3140;0;12;69;;false;;0
3141;0;12;70;;false;;0
3142;0;12;71;;false;;0
3143;0;12;72;;false;;0
3144;0;12;73;;false;;0
3145;0;12;74;;false;;0
3146;0;12;75;;false;;0
3147;0;12;76;;false;;0
3148;0;12;77;;false;;0
3149;0;12;78;;false;;0
3150;0;12;79;;false;;0
3151;0;12;80;;false;;0
3152;0;12;81;;false;;0
3153;0;12;82;;false;;0
3154;0;12;83;;false;;0
3155;0;12;84;;false;;0
3156;0;12;85;;false;;0
3157;0;12;86;;false;;0
3158;0;12;87;;false;;0
3159;0;12;88;;false;;0
3160;0;12;89;;false;;0
3161;0;12;90;;false;;0
3162;0;12;91;;false;;0
3163;0;12;92;;false;;0
3164;0;12;93;;false;;0
3165;0;12;94;;false;;0
3166;0;12;95;;false;;0
3167;0;12;96;;false;;0
3168;0;12;97;;false;;0
3169;0;12;98;;false;;0
3170;0;12;99;;false;;0
3171;0;12;100;;false;;0
3172;0;12;101;;false;;0
3173;0;12;102;;false;;0
3174;0;12;103;;false;;0
3175;0;12;104;;false;;0
3176;0;12;105;;false;;0
3177;0;12;106;;false;;0
3178;0;12;107;;false;;0
3179;0;12;108;;false;;0
3180;0;12;109;;false;;0
3181;0;12;110;;false;;0
3182;0;12;111;;false;;0
3183;0;12;112;;false;;0
3184;0;12;113;;false;;0
3185;0;12;114;;false;;0
3186;0;12;115;;false;;0
3187;0;12;116;;false;;0
3188;0;12;117;;false;;0
3189;0;12;118;;false;;0
3190;0;12;119;;false;;0
3191;0;12;120;;false;;0
3192;0;12;121;;false;;0
3193;0;12;122;;false;;0
3194;0;12;123;;false;;0
3195;0;12;124;;false;;0
3196;0;12;125;;false;;0
3197;0;12;126;;false;;0
3198;0;12;127;;false;;0
3199;0;12;128;;false;;0
3200;0;12;129;;false;;0
3201;0;12;130;;false;;0
3202;0;12;131;;false;;0
3203;0;12;132;;false;;0
3204;0;12;133;;false;;0
3205;0;12;134;;false;;0
3206;0;12;135;;false;;0
3207;0;12;136;;false;;0
3208;0;12;137;;false;;0
3209;0;12;138;;false;;0
3210;0;12;139;;false;;0
3211;0;12;140;;false;;0
3212;0;12;141;;false;;0
3213;0;12;142;;false;;0
3214;0;12;143;;false;;0
3215;0;12;144;;false;;0
3216;0;12;145;;false;;0
3217;0;12;146;;false;;0
3218;0;12;147;;false;;0
3219;0;12;148;;false;;0
3220;0;12;149;;false;;0
3221;0;12;150;;false;;0
3222;0;12;151;;false;;0
3223;0;12;152;;false;;0
3224;0;12;153;;false;;0
3225;0;12;154;;false;;0
3226;0;12;155;;false;;0
3227;0;12;156;;false;;0
3228;0;12;157;;false;;0
3229;0;12;158;;false;;0
3230;0;12;159;;false;;0
3231;0;12;160;;false;;0
3232;0;12;161;;false;;0
3233;0;12;162;;false;;0
3234;0;12;163;;false;;0
3235;0;12;164;;false;;0
3236;0;12;165;;false;;0
3237;0;12;166;;false;;0
3238;0;12;167;;false;;0
3239;0;12;168;;false;;0
3240;0;12;169;;false;;0
3241;0;12;170;;false;;0
3242;0;12;171;;false;;0
3243;0;12;172;;false;;0
3244;0;12;173;;false;;0
3245;0;12;174;;false;;0
3246;0;12;175;;false;;0
3247;0;12;176;;false;;0
3248;0;12;177;;false;;0
3249;0;12;178;;false;;0
3250;0;12;179;;false;;0
3251;0;12;180;;false;;0
3252;0;12;181;;false;;0
3253;0;12;182;;false;;0
3254;0;12;183;;false;;0
3255;0;12;184;;false;;0
3256;0;12;185;;false;;0
3257;0;12;186;;false;;0
3258;0;12;187;;false;;0
3259;0;12;188;;false;;0
3260;0;12;189;;false;;0
3261;0;12;190;;false;;0
3262;0;12;191;;false;;0
3263;0;12;192;;false;;0
3264;0;12;193;;false;;0
3265;0;12;194;;false;;0
3266;0;12;195;;false;;0
3267;0;12;196;;false;;0
3268;0;12;197;;false;;0
3269;0;12;198;;false;;0
3270;0;12;199;;false;;0
3271;0;12;200;;false;;0
3272;0;12;201;;false;;0
3273;0;12;202;;false;;0
3274;0;12;203;;false;;0
3275;0;12;204;;false;;0
3276;0;12;205;;false;;0
3277;0;12;206;;false;;0
3278;0;12;207;;false;;0
3279;0;12;208;;false;;0
3280;0;12;209;;false;;0
3281;0;12;210;;false;;0
3282;0;12;211;;false;;0
3283;0;12;212;;false;;0
3284;0;12;213;;false;;0
3285;0;12;214;;false;;0
3286;0;12;215;;false;;0
3287;0;12;216;;false;;0
3288;0;12;217;;false;;0
3289;0;12;218;;false;;0
3290;0;12;219;;false;;0
3291;0;12;220;;false;;0
3292;0;12;221;;false;;0
3293;0;12;222;;false;;0
3294;0;12;223;;false;;0
3295;0;12;224;;false;;0
3296;0;12;225;;false;;0
3297;0;12;226;;false;;0
3298;0;12;227;;false;;0
3299;0;12;228;;false;;0
3300;0;12;229;;false;;0
3301;0;12;230;;false;;0
3302;0;12;231;;false;;0
3303;0;12;232;;false;;0
3304;0;12;233;;false;;0
3305;0;12;234;;false;;0
3306;0;12;235;;false;;0
3307;0;12;236;;false;;0
3308;0;12;237;;false;;0
3309;0;12;238;;false;;0
3310;0;12;239;;false;;0
3311;0;12;240;;false;;0
3312;0;12;241;;false;;0
3313;0;12;242;;false;;0
3314;0;12;243;;false;;0
3315;0;12;244;;false;;0
3316;0;12;245;;false;;0
3317;0;12;246;;false;;0
3318;0;12;247;;false;;0
3319;0;12;248;;false;;0
3320;0;12;249;;false;;0
3321;0;12;250;;false;;0
3322;0;12;251;;false;;0
3323;0;12;252;;false;;0
3324;0;12;253;;false;;0
3325;0;12;254;;false;;0
3326;0;12;255;;false;;0
3327;0;13;0;;false;;0
3328;0;13;1;;false;;0
3329;0;13;2;;false;;0
3330;0;13;3;;false;;0
3331;0;13;4;;false;;0
3332;0;13;5;;false;;0
3333;0;13;6;;false;;0
3334;0;13;7;;false;;0
3335;0;13;8;;false;;0
3336;0;13;9;;false;;0
3337;0;13;10;;false;;0
3338;0;13;11;;false;;0
3339;0;13;12;;false;;0
3340;0;13;13;;false;;0
3341;0;13;14;;false;;0
3342;0;13;15;;false;;0
3343;0;13;16;;false;;0
3344;0;13;17;;false;;0
3345;0;13;18;;false;;0
3346;0;13;19;;false;;0
3347;0;13;20;;false;;0
3348;0;13;21;;false;;0
3349;0;13;22;;false;;0
3350;0;13;23;;false;;0
3351;0;13;24;;false;;0
3352;0;13;25;;false;;0
3353;0;13;26;;false;;0
3354;0;13;27;;false;;0
3355;0;13;28;;false;;0
3356;0;13;29;;false;;0
3357;0;13;30;;false;;0
3358;0;13;31;;false;;0
3359;0;13;32;;false;;0
3360;0;13;33;;false;;0
3361;0;13;34;;false;;0
3362;0;13;35;;false;;0
3363;0;13;36;;false;;0
3364;0;13;37;;false;;0
3365;0;13;38;;false;;0
3366;0;13;39;;false;;0
3367;0;13;40;;false;;0
3368;0;13;41;;false;;0
3369;0;13;42;;false;;0
3370;0;13;43;;false;;0
3371;0;13;44;;false;;0
3372;0;13;45;;false;;0
3373;0;13;46;;false;;0
3374;0;13;47;;false;;0
3375;0;13;48;;false;;0
3376;0;13;49;;false;;0
3377;0;13;50;;false;;0
3378;0;13;51;;false;;0
3379;0;13;52;;false;;0
3380;0;13;53;;false;;0
3381;0;13;54;;false;;0
3382;0;13;55;;false;;0
3383;0;13;56;;false;;0
3384;0;13;57;;false;;0
3385;0;13;58;;false;;0
3386;0;13;59;;false;;0
3387;0;13;60;;false;;0
3388;0;13;61;;false;;0
3389;0;13;62;;false;;0
3390;0;13;63;;false;;0
3391;0;13;64;;false;;0
3392;0;13;65;;false;;0
3393;0;13;66;;false;;0
3394;0;13;67;;false;;0
3395;0;13;68;;false;;0
3396;0;13;69;;false;;0
3397;0;13;70;;false;;0
3398;0;13;71;;false;;0
3399;0;13;72;;false;;0
3400;0;13;73;;false;;0
3401;0;13;74;;false;;0
3402;0;13;75;;false;;0
3403;0;13;76;;false;;0
3404;0;13;77;;false;;0
3405;0;13;78;;false;;0
3406;0;13;79;;false;;0
3407;0;13;80;;false;;0
3408;0;13;81;;false;;0
3409;0;13;82;;false;;0
3410;0;13;83;;false;;0
3411;0;13;84;;false;;0
3412;0;13;85;;false;;0
3413;0;13;86;;false;;0
3414;0;13;87;;false;;0
3415;0;13;88;;false;;0
3416;0;13;89;;false;;0
3417;0;13;90;;false;;0
3418;0;13;91;;false;;0
3419;0;13;92;;false;;0
3420;0;13;93;;false;;0
3421;0;13;94;;false;;0
3422;0;13;95;;false;;0
3423;0;13;96;;false;;0
3424;0;13;97;;false;;0
3425;0;13;98;;false;;0
3426;0;13;99;;false;;0
3427;0;13;100;;false;;0
3428;0;13;101;;false;;0
3429;0;13;102;;false;;0
3430;0;13;103;;false;;0
3431;0;13;104;;false;;0
3432;0;13;105;;false;;0
3433;0;13;106;;false;;0
3434;0;13;107;;false;;0
3435;0;13;108;;false;;0
3436;0;13;109;;false;;0
3437;0;13;110;;false;;0
3438;0;13;111;;false;;0
3439;0;13;112;;false;;0
3440;0;13;113;;false;;0
3441;0;13;114;;false;;0
3442;0;13;115;;false;;0
3443;0;13;116;;false;;0
3444;0;13;117;;false;;0
3445;0;13;118;;false;;0
3446;0;13;119;;false;;0
3447;0;13;120;;false;;0
3448;0;13;121;;false;;0
3449;0;13;122;;false;;0
3450;0;13;123;;false;;0
3451;0;13;124;;false;;0
3452;0;13;125;;false;;0
3453;0;13;126;;false;;0
3454;0;13;127;;false;;0
3455;0;13;128;;false;;0
3456;0;13;129;;false;;0
3457;0;13;130;;false;;0
3458;0;13;131;;false;;0
3459;0;13;132;;false;;0
3460;0;13;133;;false;;0
3461;0;13;134;;false;;0
3462;0;13;135;;false;;0
3463;0;13;136;;false;;0
3464;0;13;137;;false;;0
3465;0;13;138;;false;;0
3466;0;13;139;;false;;0
3467;0;13;140;;false;;0
3468;0;13;141;;false;;0
3469;0;13;142;;false;;0
3470;0;13;143;;false;;0
3471;0;13;144;;false;;0
3472;0;13;145;;false;;0
3473;0;13;146;;false;;0
3474;0;13;147;;false;;0
3475;0;13;148;;false;;0
3476;0;13;149;;false;;0
3477;0;13;150;;false;;0
3478;0;13;151;;false;;0
3479;0;13;152;;false;;0
3480;0;13;153;;false;;0
3481;0;13;154;;false;;0
3482;0;13;155;;false;;0
3483;0;13;156;;false;;0
3484;0;13;157;;false;;0
